model_name,county,estimate,true_value,residual,sd,lower,upper,interval_width,true_value_captured,crps
acs,Grundy,0.075711473062466,0.072461116193962,0.0032503568685040007,0.010771835911853,0.05711972091450442,0.09971464109516211,0.042594920180657685,TRUE,NA
acs,Plymouth,0.055922258892556,0.059807727860972,-0.003885468968416003,0.010087120889425,0.03913859766806382,0.07930913555636077,0.04017053788829695,TRUE,NA
acs,Lucas,0.114551083591331,0.110892065056678,0.0036590185346530024,0.015490583186488001,0.08751144982157816,0.14858507433430795,0.061073624512729796,TRUE,NA
acs,Calhoun,0.196750195771339,0.146929364913016,0.049820830858323006,0.016056181665741,0.16716484475726268,0.23012483884126825,0.06295999408400557,FALSE,NA
acs,Lee,0.116846319679704,0.114894690377097,0.0019516293026070053,0.010633957577753,0.09756200058901879,0.1393538072220499,0.041791806633031114,TRUE,NA
acs,Scott,0.096769440947202,0.078988311838603,0.017781129108598998,0.00544702329889,0.08660664149441138,0.1079838013325425,0.021377159838131113,FALSE,NA
acs,Mitchell,0.103268498095047,0.095935630286775,0.007332867808271998,0.016699847775646,0.07482187412552668,0.14088338017125088,0.0660615060457242,TRUE,NA
acs,Worth,0.090934924694515,0.101436781609195,-0.010501856914680002,0.01727481495387,0.06227773818657307,0.1309374573911217,0.06865971920454864,TRUE,NA
acs,Cass,0.103600182287711,0.090653329165364,0.012946853122347002,0.015236724179413,0.07731364899864766,0.13749231336114592,0.06017866436249826,TRUE,NA
acs,Clinton,0.119245726688975,0.094529906585491,0.024715820103484,0.009181426072682,0.10239124117748717,0.13844668548580125,0.036055444308314075,FALSE,NA
acs,Palo Alto,0.191989551589029,0.151682905225864,0.040306646363165,0.01812686854035,0.1589374152258795,0.2300351907049465,0.07109777547906698,FALSE,NA
acs,Emmet,0.163791311577635,0.112402234636872,0.05138907694076299,0.01958288003903,0.12892267094521903,0.20586184049765374,0.07693916955243471,FALSE,NA
acs,Keokuk,0.112704918032787,0.10313708637731,0.009567831655476991,0.012083206478836,0.09110432242443704,0.13864571738118012,0.047541394956743074,TRUE,NA
acs,Buchanan,0.119170415889389,0.077425163178033,0.041745252711356,0.01374162880334,0.09475667354465538,0.148840056774574,0.05408338322991861,FALSE,NA
acs,Washington,0.092155057788688,0.068630523346913,0.023524534441775005,0.010632181924584,0.07332634693650293,0.11521746186572825,0.041891114929225315,FALSE,NA
acs,Polk,0.063617657145657,0.063244585696342,3.730714493149906e-4,0.00302893819257,0.05793297010686783,0.06981881479199027,0.011885844685122444,TRUE,NA
acs,Marshall,0.086331789573685,0.082830695730069,0.0035010938436159933,0.009925898297435,0.06875923186647868,0.10787507153710453,0.039115839670625846,TRUE,NA
acs,Dallas,0.063173502078424,0.068911854103343,-0.0057383520249189995,0.00729116179391,0.050303097919371126,0.07906274777339943,0.028759649854028305,TRUE,NA
acs,Butler,0.095679012345679,0.083231334149327,0.012447678196351994,0.01027459818511,0.07734875693591019,0.11779859836835273,0.04044984143244254,TRUE,NA
acs,Clay,0.109864930053063,0.109384634356887,4.8029569617599743e-4,0.017521414371002,0.07993141503367152,0.1491905599926028,0.06925914495893129,TRUE,NA
acs,Des Moines,0.094718744963198,0.10813544883399,-0.013416703870791996,0.009634711065773,0.07744642016886998,0.11536150150350735,0.03791508133463738,TRUE,NA
acs,Page,0.107927677329624,0.110410998138336,-0.0024833208087120112,0.013949390877395,0.08347405294366572,0.13846272310899582,0.0549886701653301,TRUE,NA
acs,Delaware,0.147138628515047,0.118395061728395,0.02874356678665199,0.015369823091257,0.11948907347711743,0.17987918428216818,0.060390110805050745,FALSE,NA
acs,Audubon,0.099397590361446,0.103695730175816,-0.0042981398143699945,0.015461354581773,0.07293481160809613,0.13407323129813403,0.0611384196900379,TRUE,NA
acs,Montgomery,0.141954022988506,0.110045935690034,0.03190808729847201,0.022242862401328,0.10367240805037645,0.19135356109144777,0.08768115304107132,TRUE,NA
acs,Hamilton,0.149604111682178,0.107147932357539,0.04245617932463899,0.018999425514497,0.11604683489941184,0.19077092648458752,0.07472409158517568,FALSE,NA
acs,Winneshiek,0.082482238010657,0.08366980708838,-0.0011875690777229941,0.010122605966068,0.06469139080165745,0.10461849643655684,0.03992710563489939,TRUE,NA
acs,Bremer,0.078358564219747,0.079931323922167,-0.0015727597024199902,0.01059179274716,0.0599560140097961,0.10179782122803872,0.04184180721824262,TRUE,NA
acs,Tama,0.135079609655881,0.104422442244224,0.030657167411657,0.012332425876958,0.11267947842783158,0.16112417272499624,0.048444694297164664,FALSE,NA
acs,Boone,0.101189980860448,0.078852445264659,0.022337535595789007,0.01259605287446,0.07903625481947112,0.1286856874591104,0.04964943263963929,FALSE,NA
acs,Henry,0.097920380273321,0.077637532745892,0.02028284752742901,0.013797791394386,0.07400734767564365,0.12848798542304274,0.054480637747399085,TRUE,NA
acs,Warren,0.050147492625369,0.059500407537038,-0.009352914911669001,0.008099388328627,0.03645265956690619,0.0686209022241998,0.03216824265729361,TRUE,NA
acs,Pottawattamie,0.078861910471623,0.064438422161999,0.014423488309623991,0.004965618990196,0.0696622998800227,0.08915999110215034,0.019497691222127633,FALSE,NA
acs,Johnson,0.068889539452397,0.069497542326597,-6.080028742000004e-4,0.006153835956845,0.0577629713110059,0.08197289924089451,0.024209927929888617,TRUE,NA
acs,Linn,0.068535634857481,0.064002765978465,0.004532868879015994,0.003851248647771,0.061361673868571845,0.07647998396261706,0.015118310094045212,TRUE,NA
acs,Dubuque,0.068958042294908,0.064250527797326,0.004707514497581999,0.005812822096896,0.05840035963507439,0.08125964077432415,0.022859281139249767,TRUE,NA
acs,Story,0.065563288493225,0.074659703585503,-0.009096415092278001,0.007938315871294,0.05161793292776921,0.08294667588710915,0.03132874295933994,TRUE,NA
acs,Carroll,0.091186048954722,0.07650158061117,0.014684468343551998,0.015007532795795,0.06573198436731154,0.12517629845480666,0.05944431408749512,TRUE,NA
acs,Wapello,0.104228855721393,0.099593237574679,0.004635618146713996,0.010585300617838,0.08523092651265984,0.12687409076936815,0.041643164256708304,TRUE,NA
acs,Dickinson,0.396426537585421,0.417427507121467,-0.021000969536045966,0.011027134320268,0.37502848751674817,0.4182284699551184,0.043199982438370255,TRUE,NA
acs,Cerro Gordo,0.130209264890002,0.149493430075654,-0.019284165185651986,0.010709637043514,0.11061755967674707,0.15267523485317977,0.042057675176432704,TRUE,NA
acs,Mahaska,0.095623167896492,0.091012396694215,0.004610771202277,0.011736445363212,0.0749639651625506,0.12122966052946843,0.046265695366917825,TRUE,NA
acs,Cedar,0.093643862202814,0.072771672771673,0.020872189431140997,0.012166853262458,0.07236632749878368,0.12036576231626529,0.04799943481748162,TRUE,NA
acs,Poweshiek,0.145524017467249,0.153828879407141,-0.008304861939891994,0.016590956614882,0.11591918040075165,0.1811405435667887,0.06522136316603704,TRUE,NA
acs,Hancock,0.10389367278173,0.103266184236261,6.274885454690127e-4,0.014565891034836,0.07861347458940174,0.1361025245808082,0.05748904999140647,TRUE,NA
acs,Clarke,0.086705202312139,0.093017806935333,-0.006312604623193996,0.021786089508037,0.05246232819878564,0.13999658599661918,0.08753425779783354,TRUE,NA
acs,Winnebago,0.127766018857033,0.111286192633445,0.016479826223588012,0.016726410405201,0.09840889728842202,0.16428508145080536,0.06587618416238335,TRUE,NA
acs,Wayne,0.18125,0.145454545454545,0.03579545454545499,0.018805334081395,0.14725787544276991,0.22105462042571553,0.07379674498294561,FALSE,NA
acs,Sioux,0.049961627014582,0.061384615384615,-0.011422988370033006,0.007138062094791,0.03768807159262971,0.06595824554523702,0.028270173952607308,TRUE,NA
acs,Pocahontas,0.144927536231884,0.157119476268412,-0.012191940036527987,0.015450624687106,0.11718952094956724,0.1779078726790599,0.06071835172949265,TRUE,NA
acs,Mills,0.110493625367767,0.097872340425532,0.012621284942234995,0.01351291489682,0.08665498901387679,0.13988582578932116,0.053230836775444365,TRUE,NA
acs,Woodbury,0.069061359086091,0.065501978876373,0.003559380209717994,0.00708777807187,0.056397947635550165,0.08431410397504605,0.02791615633949588,TRUE,NA
acs,Cherokee,0.076212068364144,0.09895645915797,-0.022744390793825994,0.013782056584412,0.05321962198077624,0.10800476707590431,0.05478514509512807,TRUE,NA
acs,Muscatine,0.090994010659926,0.079385821626919,0.011608189033007005,0.011256817198363,0.07120694862847397,0.11559519943514455,0.04438825080667058,TRUE,NA
acs,Sac,0.195257502778807,0.165103556076592,0.030153946702214995,0.014864546723088,0.16775616242125688,0.22604278407615655,0.05828662165489967,FALSE,NA
acs,Hardin,0.123031856462834,0.119770916334661,0.003260940128173004,0.012687236536014,0.10024575038741657,0.15013307577722235,0.04988732538980578,TRUE,NA
acs,Monona,0.155621427059073,0.122112965927281,0.033508461131792,0.0200781797518,0.12018776813326817,0.19913713714632394,0.07894936901305577,TRUE,NA
acs,Adams,0.190949776230731,0.145127118644068,0.04582265758666301,0.026900775153033,0.14367005341581243,0.24925964965157882,0.10558959623576639,TRUE,NA
acs,Clayton,0.17190408409066,0.164763644667732,0.007140439422927997,0.01257896717759,0.1486303969651565,0.19797469319841693,0.04934429623326042,TRUE,NA
acs,Fremont,0.142857142857143,0.12540192926045,0.017455213596692998,0.015532201812404,0.11502868725998251,0.17607851152014162,0.061049824260159105,TRUE,NA
acs,Monroe,0.192882030861125,0.143014301430143,0.049867729430982,0.024054607354109,0.15004679245044394,0.2444291524745703,0.09438236002412637,FALSE,NA
acs,Madison,0.066826448611307,0.069000433964993,-0.0021739853536860004,0.013627019190224,0.04458354511429122,0.09901635736848272,0.0544328122541915,TRUE,NA
acs,Chickasaw,0.104349351104875,0.092518973617636,0.011830377487239002,0.014285880878418,0.07948275824978601,0.13584748745943187,0.05636472920964586,TRUE,NA
acs,Osceola,0.1,0.096942321056289,0.0030576789437110063,0.018688793226093,0.06886748295520893,0.14304432237958006,0.07417683942437113,TRUE,NA
acs,Franklin,0.134337598018985,0.110609965635739,0.023727632383246017,0.019569068795848,0.10038489365358025,0.17750805874383227,0.07712316509025202,TRUE,NA
acs,Black Hawk,0.083626926976816,0.074044980276303,0.009581946700512989,0.004962497102515,0.0744005699529602,0.0938813885795309,0.01948081862657071,FALSE,NA
acs,Kossuth,0.126361945256444,0.107815964523282,0.018545980733162007,0.012681191074523,0.10352477051564198,0.15337501495829742,0.04985024444265544,TRUE,NA
acs,Davis,0.116601887840089,0.089689857502096,0.026912030337992998,0.021602248005426,0.08046458919803533,0.16603821006314812,0.08557362086511279,TRUE,NA
acs,Marion,0.052380952380952,0.065941874511476,-0.013560922130523997,0.007790337990408,0.03905233556891819,0.06992761114958529,0.0308752755806671,TRUE,NA
acs,Webster,0.085072701688555,0.11164905237055,-0.026576350681995,0.008910322083851,0.06915719294918965,0.10424075924328273,0.03508356629409308,FALSE,NA
acs,Taylor,0.173268921095008,0.131369150779896,0.041899770315111995,0.014095117618633,0.1473560799635825,0.20265552302387993,0.05529944306029744,FALSE,NA
acs,Iowa,0.096765425387334,0.07219724833129,0.024568177056044,0.014127623294032,0.07239285161233969,0.1282094077699758,0.055816556157636116,FALSE,NA
acs,Humboldt,0.115165576882514,0.108947713848173,0.006217863034340992,0.016412386080131,0.08669283993539147,0.15143909524517216,0.06474625530978069,TRUE,NA
acs,Benton,0.078752122999911,0.071686529433008,0.007065593566902992,0.01130271397224,0.05925790830463916,0.1039507612932645,0.04469285298862534,TRUE,NA
acs,Allamakee,0.239124872057318,0.244001043296818,-0.004876171239499988,0.016097182747193,0.20901257572731455,0.27208315595238475,0.0630705802250702,TRUE,NA
acs,Jackson,0.147515366183978,0.10128773942214,0.046227626761838,0.014819059808534,0.12076696779753485,0.17898218947871775,0.0582152216811829,FALSE,NA
acs,Buena Vista,0.085383502170767,0.085247512590591,1.359895801759936e-4,0.009457105966447,0.06858032941982739,0.10583588417583675,0.03725555475600936,TRUE,NA
acs,Harrison,0.108673394763785,0.107126781695424,0.0015466130683609997,0.012180882599445,0.08699939048226553,0.13494889975794955,0.04794950927568402,TRUE,NA
acs,Appanoose,0.217352010845007,0.156359023152553,0.06099298769245398,0.019502999901032,0.18155118226942188,0.25798722632389187,0.07643604405446999,FALSE,NA
acs,Ida,0.138550724637681,0.12291169451074,0.01563903012694101,0.020086591729894,0.10365761377525767,0.18279417885890592,0.07913656508364825,TRUE,NA
acs,Jones,0.089432703003337,0.085446962011047,0.003985740992290002,0.013659138722519,0.06603035985795783,0.12006302447095415,0.05403266461299633,TRUE,NA
acs,Shelby,0.089994611101132,0.08116583656152,0.008828774539611992,0.016270159082411,0.0627915088083894,0.12738109921230226,0.06458959040391285,TRUE,NA
acs,O'Brien,0.106859961141832,0.101624770079706,0.005235191062125999,0.016080879744108,0.07918594103328186,0.14270665250683956,0.0635207114735577,TRUE,NA
acs,Van Buren,0.185459533607682,0.147428571428571,0.038030962179111005,0.020011519155438,0.14938608114990054,0.22790995685357546,0.07852387570367492,FALSE,NA
acs,Jefferson,0.106607585038447,0.102354012225257,0.004253572813189999,0.017508681621907,0.076832923962546,0.1460946665512269,0.06926174258868091,TRUE,NA
acs,Wright,0.141098630558547,0.136741214057508,0.004357416501038991,0.016462372463542,0.11180494092074296,0.17654192446024092,0.06473698353949796,TRUE,NA
acs,Fayette,0.144805330002082,0.120886212088621,0.023919117913461005,0.010694369611001,0.12507784545727482,0.16705019194914902,0.0419723464918742,FALSE,NA
acs,Jasper,0.103629797392422,0.070543020084304,0.03308677730811799,0.012316503956399,0.08185522243314827,0.13037420272739747,0.0485189802942492,FALSE,NA
acs,Crawford,0.096208262591964,0.087527352297593,0.008680910294371,0.010148672014177,0.07807155328188348,0.11801892932689159,0.039947376045008115,TRUE,NA
acs,Lyon,0.094261486886216,0.072866929624247,0.021394557261968997,0.012107610960232,0.07305851727809418,0.12081592409426987,0.0477574068161757,FALSE,NA
acs,Floyd,0.088759741117422,0.08750341810227,0.0012563230151520083,0.015255681972347,0.0630585266500595,0.12355481121663399,0.06049628456657449,TRUE,NA
acs,Howard,0.142138939670932,0.085535465924896,0.056603473746036,0.02361534492723,0.1018144144458543,0.19496758554102975,0.09315317109517544,FALSE,NA
acs,Guthrie,0.231508494937361,0.21548588255673,0.01602261238063099,0.017731997994674,0.1985857791573148,0.26806365428967177,0.06947787513235698,TRUE,NA
acs,Ringgold,0.293869731800766,0.272080838323353,0.021788893477412974,0.023977852001059,0.24915251511707018,0.3429469515578425,0.09379443644077232,TRUE,NA
acs,Greene,0.111966564012319,0.117660710141564,-0.005694146129245001,0.016447716314007,0.08355275405013798,0.14847757224111027,0.06492481819097229,TRUE,NA
acs,Decatur,0.158577731637685,0.182589652340542,-0.024011920702857015,0.017195535671782,0.1277017679257188,0.19524798289975367,0.06754621497403487,TRUE,NA
acs,Union,0.124305204648813,0.106327800829876,0.017977403818937004,0.019454432915302,0.09091073414508712,0.16770362712148282,0.0767928929763957,TRUE,NA
acs,Louisa,0.142208176970176,0.112903225806452,0.02930495116372399,0.018730333021164,0.10928995973461884,0.18300426295791677,0.07371430322329793,TRUE,NA
acs,Adair,0.132650310056619,0.102649930264993,0.03000037979162601,0.017372709807071,0.10213976664971679,0.17054363110647186,0.06840386445675507,TRUE,NA
intercept_only,Grundy,0.08011683346752667,0.072461116193962,0.007655717273564663,0.010679825850819601,0.060977360538964714,0.1029679552024097,0.041990594663444986,TRUE,0.004306271789661864
intercept_only,Plymouth,0.06380408326965278,0.059807727860972,0.003996355408680784,0.010525277531372109,0.04550458550869932,0.08640607805191594,0.04090149254321662,TRUE,0.0028072212444512196
intercept_only,Lucas,0.11499217798627814,0.110892065056678,0.00410011292960015,0.014652863595829676,0.08877345831108512,0.14586447061966637,0.057091012308581254,TRUE,0.0037115289046816984
intercept_only,Calhoun,0.19170071031059563,0.146929364913016,0.044771345397579626,0.01544439689665833,0.16287968889133717,0.22291803052594675,0.06003834163460958,FALSE,0.03606421962530525
intercept_only,Lee,0.11709965994946299,0.114894690377097,0.002204969572365989,0.010349475691111654,0.0981404213318548,0.13837994352117539,0.04023952218932059,TRUE,0.0025549530631818937
intercept_only,Scott,0.09725624911340872,0.078988311838603,0.018267937274805718,0.00538399402983655,0.0870079844216289,0.10828344945975617,0.021275465038127273,FALSE,0.01523778953244382
intercept_only,Mitchell,0.10581775508706028,0.095935630286775,0.009882124800285275,0.015493356213120693,0.07821186928933065,0.13916319096120391,0.06095132167187327,TRUE,0.005656959796451619
intercept_only,Worth,0.09608171514222087,0.101436781609195,-0.005355066466974132,0.01647259010680086,0.06753413067222219,0.1314703221456424,0.0639361914734202,TRUE,0.004833518813029341
intercept_only,Cass,0.10559427424575847,0.090653329165364,0.014940945080394466,0.014459823313361556,0.07966312439065874,0.13645700916968484,0.056793884779026096,TRUE,0.008644582327944005
intercept_only,Clinton,0.11932130753313873,0.094529906585491,0.02479140094764773,0.00905021128479143,0.1025392301263255,0.1378134138293665,0.03527418370304099,FALSE,0.019697063084684184
intercept_only,Palo Alto,0.1861201173163176,0.151682905225864,0.03443721209045361,0.017109952231934195,0.15443528034025322,0.2216476932977964,0.06721241295754318,FALSE,0.024947853663521157
intercept_only,Emmet,0.15895130768003637,0.112402234636872,0.04654907304316437,0.01809124211195523,0.12616147421393192,0.19592481112023719,0.06976333690630526,FALSE,0.03637403034490475
intercept_only,Keokuk,0.11325090766673086,0.10313708637731,0.010113821289420857,0.01157867588776448,0.09181126068386315,0.13716723391419797,0.045355973230334815,TRUE,0.005798809288646966
intercept_only,Buchanan,0.11939567822233955,0.077425163178033,0.04197051504430656,0.013090615380711363,0.09572827544916823,0.1467112791880428,0.05098300373887457,FALSE,0.034615843383401526
intercept_only,Washington,0.09429029682933628,0.068630523346913,0.02565977348242328,0.010525782959522145,0.07525147906145281,0.11631892773716017,0.04106744867570736,FALSE,0.01974887626246021
intercept_only,Polk,0.06421324060392818,0.063244585696342,9.686549075861722e-4,0.003055691567804061,0.05840083717679032,0.07045096444945972,0.012050127272669402,TRUE,8.229821490256989e-4
intercept_only,Marshall,0.08872623492169797,0.082830695730069,0.005895539191628968,0.009673597054088722,0.07114520527472235,0.10892387841863331,0.037778673143910965,TRUE,0.0034579126742458268
intercept_only,Dallas,0.06651047065263777,0.068911854103343,-0.00240138345070523,0.007405149021496005,0.05322181318851907,0.08218085357717245,0.02895904038865338,TRUE,0.002140294644034935
intercept_only,Butler,0.09733498681453086,0.083231334149327,0.014103652665203859,0.00998578691102787,0.07907076815113158,0.11871220562157826,0.03964143747044668,TRUE,0.009015943935882464
intercept_only,Clay,0.11145700978131406,0.109384634356887,0.0020723754244270642,0.016373504465602984,0.0822115101202372,0.14669628397283813,0.06448477385260093,TRUE,0.0038528794406487415
intercept_only,Des Moines,0.09629838723102756,0.10813544883399,-0.01183706160296244,0.009462839791665205,0.07877365022307292,0.11599590288252905,0.037222252659456126,TRUE,0.007637711824616871
intercept_only,Page,0.10904512817997176,0.110410998138336,-0.0013658699583642409,0.013371551890769155,0.08464908893776496,0.137472596060653,0.05282350712288805,TRUE,0.003207384754112436
intercept_only,Delaware,0.14482769470442491,0.118395061728395,0.026432632976029907,0.014531624823833059,0.11832093201576682,0.1748689357507365,0.05654800373496968,TRUE,0.01848997258640172
intercept_only,Audubon,0.10211985937950427,0.103695730175816,-0.0015758707963117319,0.014770393255454161,0.07587627076632293,0.13390877096662815,0.05803250020030522,TRUE,0.0036121657653175178
intercept_only,Montgomery,0.13837023922906308,0.110045935690034,0.02832430353902908,0.01975240570170485,0.10279472436538309,0.17986865888211215,0.07707393451672906,TRUE,0.01811472422692816
intercept_only,Hamilton,0.14618191745190645,0.107147932357539,0.03903398509436745,0.017626356639186797,0.11434353398262194,0.1832394380064844,0.06889590402386246,FALSE,0.029177832931127495
intercept_only,Winneshiek,0.08540904198455834,0.08366980708838,0.001739234896178346,0.009987294559311695,0.0672426895162065,0.10619405080825624,0.038951361292049735,TRUE,0.0024175471875673236
intercept_only,Bremer,0.08219228478109748,0.079931323922167,0.0022609608589304886,0.010532708563038241,0.0632042302943133,0.10447458247926718,0.04127035218495388,TRUE,0.0025774070259998562
intercept_only,Tama,0.13423349547830102,0.104422442244224,0.029811053234077012,0.01193621902472091,0.11213492863948664,0.15871907716748995,0.046584148528003314,FALSE,0.0230910172553385
intercept_only,Boone,0.10300148755726789,0.078852445264659,0.02414904229260889,0.012201802948095449,0.0812202867439194,0.12873893903838632,0.04751865229446692,FALSE,0.017370895522932275
intercept_only,Henry,0.10041783733886299,0.077637532745892,0.022780304592970993,0.013306148129840998,0.07682372230407397,0.1287563017461825,0.05193257944210852,TRUE,0.01554960593897055
intercept_only,Warren,0.056886056527334646,0.059500407537038,-0.002614351009703357,0.008441885540545566,0.04203219611541508,0.07522165564679009,0.03318945953137501,TRUE,0.002421972020517502
intercept_only,Pottawattamie,0.07975554186333662,0.064438422161999,0.015317119701337617,0.0048975963582699455,0.07051681593258131,0.08969098273040645,0.019174166797825132,FALSE,0.012551930358918939
intercept_only,Johnson,0.0708810957344658,0.069497542326597,0.0013835534078688039,0.006236386472503508,0.059266071788351124,0.08380873036657971,0.024542658578228585,TRUE,0.0015508901121884277
intercept_only,Linn,0.06934468467010808,0.064002765978465,0.005341918691643077,0.003892225625396347,0.06201842498620324,0.07724006683830141,0.01522164185209817,TRUE,0.0034165132921869148
intercept_only,Dubuque,0.07062335111674369,0.064250527797326,0.006372823319417686,0.005840923319141116,0.05973602939753761,0.08272064641827982,0.022984617020742212,TRUE,0.003804981781911021
intercept_only,Story,0.06912996474274648,0.074659703585503,-0.005529738842756524,0.007917729823671215,0.05497863808480304,0.08579769709356039,0.030819059008757345,TRUE,0.0035305338622628243
intercept_only,Carroll,0.09526878154820521,0.07650158061117,0.01876720093703521,0.014371058458828708,0.06992194423027608,0.125910018031359,0.055988073801082935,TRUE,0.011565409817289202
intercept_only,Wapello,0.10530382288670932,0.099593237574679,0.005710585312030322,0.010285057567816018,0.08633511979853974,0.12662676152769212,0.04029164172915238,TRUE,0.0034760775321002655
intercept_only,Dickinson,0.392054665752064,0.417427507121467,-0.025372841369402988,0.010919199206356662,0.3710153666244416,0.41379322056795226,0.042777853943510635,FALSE,0.01930186064994349
intercept_only,Cerro Gordo,0.12974726215818994,0.149493430075654,-0.019746167917464058,0.010520356136485002,0.11007367580587596,0.15149680595241738,0.04142313014654142,TRUE,0.014188580787747703
intercept_only,Mahaska,0.09783996524744662,0.091012396694215,0.006827568553231619,0.011414122743884302,0.07724462385431735,0.12194055652913198,0.04469593267481463,TRUE,0.004010252305947637
intercept_only,Cedar,0.09614664661877094,0.072771672771673,0.02337497384709794,0.011851106006845552,0.07506020072854525,0.12094602531759989,0.045885824589054644,FALSE,0.016789989835419284
intercept_only,Poweshiek,0.14320953839359335,0.153828879407141,-0.01061934101354764,0.015498874604527566,0.11475886194466485,0.17547487876224965,0.0607160168175848,TRUE,0.00670421648735074
intercept_only,Hancock,0.10575017434619788,0.103266184236261,0.0024839901099368844,0.013899832671720217,0.08069829356579686,0.13551323263002718,0.05481493906423032,TRUE,0.0032702266023797747
intercept_only,Clarke,0.09557002249456435,0.093017806935333,0.0025522155592313522,0.020190317604313196,0.0619479588668242,0.140333035473057,0.07838507660623281,TRUE,0.004604116132279306
intercept_only,Winnebago,0.12700310970228668,0.111286192633445,0.01571691706884168,0.015721438691472234,0.09877176307331782,0.16063432492622037,0.06186256185290255,TRUE,0.009091955230150049
intercept_only,Wayne,0.17532865405329098,0.145454545454545,0.02987410859874598,0.01736841851207331,0.1433661877580402,0.21056358693408983,0.06719739917604964,TRUE,0.020486787249291122
intercept_only,Sioux,0.05528799788584519,0.061384615384615,-0.006096617498769816,0.007412870477901781,0.0422766752207067,0.07113441881142686,0.02885774359072016,TRUE,0.0038624275052697387
intercept_only,Pocahontas,0.1429897755720257,0.157119476268412,-0.014129700696386305,0.014639183044012577,0.11638473527541555,0.17391646538373523,0.057531730108319676,TRUE,0.00884125720727501
intercept_only,Mills,0.11161014288294843,0.097872340425532,0.013737802457416431,0.013122406842452519,0.08776284562862026,0.13919054450222867,0.051427698873608416,TRUE,0.008005455540082569
intercept_only,Woodbury,0.07153303569793673,0.065501978876373,0.006031056821563727,0.007230155725691613,0.05824887030040726,0.08666666964049176,0.028417799340084496,TRUE,0.003422469253490975
intercept_only,Cherokee,0.08285930225879036,0.09895645915797,-0.016097156899179635,0.013757728737491447,0.05895021620378486,0.1125781595115223,0.05362794330773744,TRUE,0.010500929866310559
intercept_only,Muscatine,0.09345950329919027,0.079385821626919,0.014073681672271271,0.011019436406399855,0.0735265231329472,0.1167919922173587,0.04326546908441149,TRUE,0.00866247210273082
intercept_only,Sac,0.1909959923484324,0.165103556076592,0.025892436271840402,0.014115290341244775,0.16452801560717423,0.21982067023329183,0.0552926546261176,TRUE,0.018200683023608576
intercept_only,Hardin,0.12280071223665708,0.119770916334661,0.003029795901996077,0.012234428012170348,0.10024517399513681,0.1478233891743502,0.04757821517921339,TRUE,0.0030602383980212764
intercept_only,Monona,0.1514148234583091,0.122112965927281,0.029301857531028083,0.018416711722361288,0.11824609276470986,0.19019797184445825,0.07195187907974838,TRUE,0.019486990073772435
intercept_only,Adams,0.1792721343775759,0.145127118644068,0.034145015733507894,0.023890853168482388,0.13628846615754822,0.22921575899261076,0.09292729283506254,TRUE,0.021834350028082025
intercept_only,Clayton,0.16949190567389666,0.164763644667732,0.0047282610061646635,0.012072558757795856,0.1467828344240683,0.19376141931997004,0.04697858489590173,TRUE,0.0034816936885368748
intercept_only,Fremont,0.14089751833462663,0.12540192926045,0.015495589074176641,0.014573178060380103,0.11423380365653095,0.17112012314607455,0.056886319489543605,TRUE,0.009110525247448579
intercept_only,Monroe,0.18299994286215013,0.143014301430143,0.03998564143200714,0.021726465581543182,0.14328442534540967,0.22802318173519326,0.08473875638978359,FALSE,0.02808055271995792
intercept_only,Madison,0.07563822238619904,0.069000433964993,0.006637788421206034,0.01379073214343505,0.05198085472169926,0.10605231497394907,0.054071460252249806,TRUE,0.004047096489620602
intercept_only,Chickasaw,0.1061515652863173,0.092518973617636,0.013632591668681304,0.013838596879998544,0.08130786379720514,0.13541008304606394,0.0541022192488588,TRUE,0.007844996192056832
intercept_only,Osceola,0.10352483755590806,0.096942321056289,0.006582516499619065,0.01750767422806531,0.0731622257646163,0.14107248538163242,0.06791025961701612,TRUE,0.004671701878269896
intercept_only,Franklin,0.13256562882093348,0.110609965635739,0.021955663185194485,0.018311798606188267,0.09950103708565154,0.17081497504313436,0.07131393795748282,TRUE,0.013238424492689683
intercept_only,Black Hawk,0.08434088451971858,0.074044980276303,0.010295904243415574,0.004856412298053268,0.07522732866320721,0.09413151440551394,0.018904185742306734,FALSE,0.007598767421377396
intercept_only,Kossuth,0.12601423947297477,0.107815964523282,0.01819827494969277,0.012225519606754474,0.10349150973220851,0.1513589755484957,0.04786746581628719,TRUE,0.01185209659338534
intercept_only,Davis,0.117556253349289,0.089689857502096,0.027866395847193,0.019521708846827083,0.08338301705655878,0.15908353997603686,0.07570052291947808,TRUE,0.017706453488247276
intercept_only,Marion,0.05806374775369396,0.065941874511476,-0.007878126757782038,0.008148714011676522,0.0435732352845983,0.07553105405239263,0.031957818767794334,TRUE,0.004989993606199103
intercept_only,Webster,0.08710454240265415,0.11164905237055,-0.024544509967895853,0.008898324833889673,0.07081407019603173,0.10560987130143853,0.03479580110540681,FALSE,0.01959632756835788
intercept_only,Taylor,0.1702063253972985,0.131369150779896,0.03883717461740249,0.013622907181972944,0.14451762257525433,0.198079527479526,0.05356190490427168,FALSE,0.031173056678333963
intercept_only,Iowa,0.09964029843579249,0.07219724833129,0.027443050104502487,0.013528813765591445,0.07546191979705819,0.12837262442786088,0.05291070463080269,FALSE,0.019913224056623983
intercept_only,Humboldt,0.11593522401774155,0.108947713848173,0.006987510169568542,0.01560704560245154,0.08825690160771255,0.14921112880160795,0.0609542271938954,TRUE,0.004562368867789658
intercept_only,Benton,0.08297311063374557,0.071686529433008,0.01128658120073757,0.01122802798927446,0.0627129314614805,0.1072848107326978,0.04457187927121729,TRUE,0.006494919065013511
intercept_only,Allamakee,0.2328117498587701,0.244001043296818,-0.011189293438047893,0.015461020828738103,0.20362327964508192,0.26409401200859933,0.06047073236351741,TRUE,0.006863322748254809
intercept_only,Jackson,0.14544084620880224,0.10128773942214,0.04415310678666223,0.014195339267270278,0.11936207025670242,0.17490448176036644,0.05554241150366401,FALSE,0.036159045407106634
intercept_only,Buena Vista,0.08763509678673388,0.085247512590591,0.002387584196142878,0.009430658963043948,0.07033424026933002,0.10755932637165679,0.03722508610232676,TRUE,0.0023536333217386235
intercept_only,Harrison,0.10964098155474719,0.107126781695424,0.0025141998593231907,0.011792333972546858,0.08804122197377949,0.13424055079339298,0.046199328819613486,TRUE,0.0028603316396711748
intercept_only,Appanoose,0.20924523416063076,0.156359023152553,0.05288621100807775,0.01818843599094318,0.17540540015189204,0.2467931149384177,0.07138771478652567,FALSE,0.04265960092374786
intercept_only,Ida,0.13604982170587057,0.12291169451074,0.013138127195130578,0.01864724044934704,0.10231103929331589,0.17560266656867632,0.07329162727536043,TRUE,0.007407772384659778
intercept_only,Jones,0.09300164400850686,0.085446962011047,0.007554681997459858,0.01322356454354223,0.06950820130630828,0.12140097936830811,0.051892778061999836,TRUE,0.004464215723793686
intercept_only,Shelby,0.09499716299202166,0.08116583656152,0.013831326430501653,0.015563962897718945,0.06754607384296718,0.12823423222016764,0.06068815837720046,TRUE,0.007744928510019049
intercept_only,O'Brien,0.10863129497071111,0.101624770079706,0.007006524891005117,0.015211475410775768,0.08196635653882521,0.141653178553826,0.05968682201500079,TRUE,0.004474836631666775
intercept_only,Van Buren,0.17898544226313814,0.147428571428571,0.03155687083456715,0.01856154173041312,0.14494554312684518,0.217103976520139,0.07215843339329381,TRUE,0.021535269480226042
intercept_only,Jefferson,0.10885751928461913,0.102354012225257,0.006503507059362132,0.01641029461680526,0.07947954727743735,0.14366886043505053,0.06418931315761318,TRUE,0.0045863654384544275
intercept_only,Wright,0.13918165183895168,0.136741214057508,0.0024404377814436773,0.01565254148491753,0.11051541048042544,0.17216630410878694,0.0616508936283615,TRUE,0.003691117669091496
intercept_only,Fayette,0.1437664622872212,0.120886212088621,0.022880250198600197,0.010422083490143239,0.12431454092318049,0.16500872632319571,0.04069418540001522,FALSE,0.017063513898392453
intercept_only,Jasper,0.10497709690645736,0.070543020084304,0.03443407682215335,0.011721583604715728,0.08398035434341783,0.12910746417763425,0.04512710983421642,FALSE,0.027832777525574028
intercept_only,Crawford,0.09780208062603521,0.087527352297593,0.010274728328442215,0.009910931212916934,0.07961585077495963,0.11813852296578821,0.03852267219082858,TRUE,0.006003162841602155
intercept_only,Lyon,0.0965715232488062,0.072866929624247,0.023704593624559206,0.011677523696551027,0.07543588026913269,0.12106637716853796,0.04563049689940528,FALSE,0.017206265168183354
intercept_only,Floyd,0.09350459844268433,0.08750341810227,0.0060011803404143305,0.014576058516388029,0.06770859125009192,0.12454276743148747,0.05683417618139555,TRUE,0.004110005026602591
intercept_only,Howard,0.1382363186402947,0.085535465924896,0.052700852715398705,0.021151784975537196,0.10081238838934112,0.1833535419504437,0.08254115356110259,FALSE,0.04085135316896393
intercept_only,Guthrie,0.22432468697862995,0.21548588255673,0.008838804421899937,0.017151864207628216,0.19231548728631223,0.25957486572464633,0.0672593784383341,TRUE,0.005636095525933601
intercept_only,Ringgold,0.27808602171936725,0.272080838323353,0.0060051833960142464,0.02223420644760124,0.23633502402254739,0.3229433896570595,0.0866083656345121,TRUE,0.005700785768168179
intercept_only,Greene,0.11310977678869424,0.117660710141564,-0.004550933352869754,0.015566752485389523,0.08515111675441064,0.14622859250965703,0.061077475755246385,TRUE,0.004363345156820035
intercept_only,Decatur,0.15494045944582974,0.182589652340542,-0.027649192894712266,0.016323765638983766,0.1250272496104849,0.18879136948911715,0.06376411987863226,TRUE,0.019319640724522556
intercept_only,Union,0.12376502582138023,0.106327800829876,0.017437224991504227,0.017747028552947748,0.09235360564072767,0.16222477591954462,0.06987117027881695,TRUE,0.009930941593717647
intercept_only,Louisa,0.13955173957110362,0.112903225806452,0.02664851376465162,0.017450629339500465,0.10853968104688531,0.17605454149569563,0.06751486044881032,TRUE,0.01738624245312496
intercept_only,Adair,0.1311971355708998,0.102649930264993,0.028547205305906792,0.01635206301923366,0.10181891974431048,0.16587760903154447,0.06405868928723399,TRUE,0.019642905532288375
icar_only,Grundy,0.08035538795340023,0.072461116193962,0.007894271759438229,0.010410411011145867,0.06152715956704333,0.10237915991157413,0.040852000344530806,TRUE,0.004456395053726541
icar_only,Plymouth,0.05942852368973968,0.059807727860972,-3.7920417123232103e-4,0.010029921450641804,0.04198489035532227,0.08132896129983755,0.03934407094451528,TRUE,0.002349861807348028
icar_only,Lucas,0.11625330249226219,0.110892065056678,0.0053612374355841985,0.01416902592850758,0.09083165096656584,0.14575619069358617,0.05492453972702033,TRUE,0.003907165470428283
icar_only,Calhoun,0.19023203980526893,0.146929364913016,0.043302674892252924,0.015085669439700838,0.16204499940348122,0.22138064869793964,0.05933564929445842,FALSE,0.034809405000939306
icar_only,Lee,0.11730930120107351,0.114894690377097,0.0024146108239765096,0.010515722339171914,0.09776348206899961,0.1388906745385121,0.04112719246951248,TRUE,0.0026112281176476075
icar_only,Scott,0.09692321553919939,0.078988311838603,0.01793490370059639,0.005429705050682591,0.08658691688749387,0.10785032181602357,0.021263404928529697,FALSE,0.014871285658725475
icar_only,Mitchell,0.10529804847865074,0.095935630286775,0.009362418191875735,0.015288688000276628,0.07810557875314654,0.13792128091012204,0.0598157021569755,TRUE,0.005407423801733088
icar_only,Worth,0.09622469490538829,0.101436781609195,-0.005212086703806712,0.016671245501485236,0.0673424170506488,0.13211193140783875,0.06476951435718994,TRUE,0.004811681459836576
icar_only,Cass,0.10878532523834394,0.090653329165364,0.01813199607297994,0.014342604283505216,0.08328909756485693,0.13920418790790648,0.05591509034304955,TRUE,0.011073769910280183
icar_only,Clinton,0.11895697480471785,0.094529906585491,0.024427068219226855,0.00894252033147009,0.10213460264349714,0.13718880722081112,0.03505420457731398,FALSE,0.019394391105696546
icar_only,Palo Alto,0.18780188446531831,0.151682905225864,0.03611897923945431,0.017132838984154422,0.15577632937404268,0.2226183443747667,0.06684201500072404,FALSE,0.026582923446374567
icar_only,Emmet,0.16678867495661223,0.112402234636872,0.05438644031974023,0.018994502897066237,0.13203754330748074,0.20618711186934802,0.07414956856186727,FALSE,0.043685137700001014
icar_only,Keokuk,0.11240347815826572,0.10313708637731,0.009266391780955716,0.011392462433001446,0.09169375973870798,0.13627029350572467,0.04457653376701669,TRUE,0.005289845984456127
icar_only,Buchanan,0.11785323726169329,0.077425163178033,0.040428074083660295,0.012790775522376134,0.0947922312253967,0.14461596063916954,0.04982372941377283,FALSE,0.03323278319036417
icar_only,Washington,0.09373034622905158,0.068630523346913,0.025099822882138578,0.010142604256334712,0.07511216059210553,0.1148125528905093,0.039700392298403775,FALSE,0.01939615148777836
icar_only,Polk,0.06387607425390494,0.063244585696342,6.314885575629398e-4,0.0030235359317309896,0.0580375210783127,0.06995396197935058,0.011916440901037884,TRUE,7.468968779815654e-4
icar_only,Marshall,0.08847284125239978,0.082830695730069,0.005642145522330777,0.009420167886421705,0.07129354142034372,0.10824762221266794,0.03695408079232422,TRUE,0.0033431253023608215
icar_only,Dallas,0.06697407344329748,0.068911854103343,-0.0019377806600455183,0.007175669475048387,0.05414588303070991,0.08195037957330023,0.027804496542590318,TRUE,0.001982077244022289
icar_only,Butler,0.09679438839260732,0.083231334149327,0.013563054243280318,0.009721232689210485,0.078763094101864925,0.11727778354748399,0.03851468944561906,TRUE,0.00865726583107989
icar_only,Clay,0.11825838425299949,0.109384634356887,0.00887374989611249,0.01601509355634775,0.08944845798282801,0.15205414870944006,0.06260569072661205,TRUE,0.005296643656996901
icar_only,Des Moines,0.0960763175033709,0.10813544883399,-0.012059131330619102,0.009608911368729845,0.07846427226220867,0.11593801736215445,0.03747374509994578,TRUE,0.0078103726616512775
icar_only,Page,0.11253711023472245,0.110410998138336,0.00212611209638644,0.013510533527878166,0.08781797625888173,0.14108400013624395,0.05326602387736222,TRUE,0.0032054686200143558
icar_only,Delaware,0.1428711646662103,0.118395061728395,0.024476102937815297,0.014391392728873055,0.11629158724641928,0.17304504473849489,0.05675345749207561,TRUE,0.01673455563275206
icar_only,Audubon,0.10376782470102755,0.103695730175816,7.209452521154958e-5,0.01443978130499505,0.07838693305914568,0.13453343263280534,0.056146499573659664,TRUE,0.003348090798721449
icar_only,Montgomery,0.1390795361847129,0.110045935690034,0.029033600494678888,0.019044811502952123,0.10469870771155415,0.17883370231765902,0.07413499460610487,TRUE,0.018983352367328413
icar_only,Hamilton,0.1430583992813425,0.107147932357539,0.03591046692380351,0.016995656181296465,0.11187840541098346,0.17839894296699008,0.06652053755600662,FALSE,0.026439773483190022
icar_only,Winneshiek,0.0885778420121952,0.08366980708838,0.004908034923815197,0.01025918566880146,0.07008099648367976,0.1104689167518252,0.040387920268145444,TRUE,0.0031024035150515
icar_only,Bremer,0.08234708149138177,0.079931323922167,0.002415757569214777,0.010322052751483655,0.0638049498979452,0.10424360874523708,0.04043865884729188,TRUE,0.002527926164428854
icar_only,Tama,0.13127051158100497,0.104422442244224,0.026848069336780966,0.011659262613226484,0.10968965929264504,0.15526781764997885,0.04557815835733381,FALSE,0.02030985118957913
icar_only,Boone,0.09981706106620951,0.078852445264659,0.020964615801550512,0.011692133901723453,0.0785481890210618,0.124449752800278,0.0459015637792162,TRUE,0.014606799713983919
icar_only,Henry,0.1017152440428225,0.077637532745892,0.02407771129693051,0.013189180899027743,0.07813875018753398,0.1299681070028352,0.05182935681530122,FALSE,0.016840004630419042
icar_only,Warren,0.0548071157745681,0.059500407537038,-0.004693291762469902,0.0081213729790332,0.04055953980667768,0.07218048225576683,0.03162094244908915,TRUE,0.0031695792054957823
icar_only,Pottawattamie,0.07978311453030257,0.064438422161999,0.015344692368303561,0.004874008328758172,0.07070374302868858,0.08970693720143862,0.019003194172750038,FALSE,0.012592730292060528
icar_only,Johnson,0.0706833906920743,0.069497542326597,0.0011858483654773044,0.006044988257914921,0.059402323648574666,0.08318414258450098,0.023781818935926312,TRUE,0.001464399701701891
icar_only,Linn,0.06939082026317832,0.064002765978465,0.005388054284713312,0.0038573527428968197,0.062173411591703386,0.07723670024299542,0.015063288651292035,TRUE,0.003449538247481101
icar_only,Dubuque,0.07106962940696618,0.064250527797326,0.00681910160964018,0.00577937684164748,0.06036112786095351,0.0830124396305374,0.022651311769583883,TRUE,0.004134636793413378
icar_only,Story,0.06919843674230466,0.074659703585503,-0.005461266843198337,0.007891417300914598,0.054977425873582376,0.0857085982949254,0.030731172421343024,TRUE,0.0034707400094614906
icar_only,Carroll,0.10076216763252405,0.07650158061117,0.024260587021354044,0.014556227442909795,0.07483760379722995,0.1318974678647787,0.05705986406754876,TRUE,0.016388601677833545
icar_only,Wapello,0.10783581745740749,0.099593237574679,0.008242579882728487,0.010493198492139755,0.08869467179735274,0.12962504522911578,0.040930373431763034,TRUE,0.004681735317163802
icar_only,Dickinson,0.3916911565495289,0.417427507121467,-0.02573635057193807,0.010959280659278217,0.37057023822486296,0.41337990202910446,0.042809663804241505,FALSE,0.01961800033330692
icar_only,Cerro Gordo,0.12879601189943954,0.149493430075654,-0.020697418176214455,0.010205273003508566,0.10970933609128561,0.14964504625568642,0.03993571016440081,TRUE,0.015201826178260316
icar_only,Mahaska,0.09789996119261672,0.091012396694215,0.0068875644984017215,0.011288506961255414,0.07728145429284271,0.12181544940873663,0.044533995115893926,TRUE,0.004033396198072349
icar_only,Cedar,0.09349168170217415,0.072771672771673,0.020720008930501146,0.011319134144502002,0.07285425796441582,0.1175085198319426,0.04465426186752679,FALSE,0.014500006767373012
icar_only,Poweshiek,0.13908926226172336,0.153828879407141,-0.014739617145417633,0.0147485297038211,0.11209754292010475,0.16977826411217686,0.05768072119207211,TRUE,0.009202548478752945
icar_only,Hancock,0.10764107196580412,0.103266184236261,0.004374887729543128,0.013716760914714767,0.08315303883212792,0.13676510645356565,0.053612067621437734,TRUE,0.0035722439127209658
icar_only,Clarke,0.10300342610141652,0.093017806935333,0.009985619166083523,0.01977519968681921,0.06916127311212135,0.14618170621203236,0.07702043309991101,TRUE,0.006004710492502082
icar_only,Winnebago,0.1270643160843694,0.111286192633445,0.015778123450924414,0.015952634548910428,0.09791426517552178,0.160680526422258,0.06276626124673622,TRUE,0.009113785546869787
icar_only,Wayne,0.17869916181238132,0.145454545454545,0.03324461635783632,0.01775801328795608,0.14627492110180157,0.2150484986992113,0.06877357759740974,FALSE,0.02348617538138084
icar_only,Sioux,0.054012262263021804,0.061384615384615,-0.007372353121593199,0.007326749096594261,0.04095826587258432,0.06954359208456577,0.028585326211981454,TRUE,0.004654551652051948
icar_only,Pocahontas,0.14393968422421766,0.157119476268412,-0.013179792044194338,0.01402633986482756,0.11818237366918066,0.17298244141697133,0.05480006774779067,TRUE,0.008166650864216219
icar_only,Mills,0.1116347651134995,0.097872340425532,0.013762424687967498,0.013101750178410835,0.08770291736209038,0.13895585793376936,0.05125294057167898,TRUE,0.008075741882063192
icar_only,Woodbury,0.07119612090406753,0.065501978876373,0.0056941420276945265,0.007156600518333364,0.05822763903978411,0.08614636673317966,0.027918727693395547,TRUE,0.0032348603705211524
icar_only,Cherokee,0.0819978052220682,0.09895645915797,-0.01695865393590179,0.012597624944505895,0.05977248272328755,0.10895236829710894,0.04917988557382139,TRUE,0.011268002639033887
icar_only,Muscatine,0.09201904815945446,0.079385821626919,0.012633226532535458,0.01096520467833761,0.07236177437727358,0.1150472406255834,0.04268546624830982,TRUE,0.007519227738271737
icar_only,Sac,0.18873589464201693,0.165103556076592,0.023632338565424932,0.014057957536698518,0.16207616039010353,0.21757041470057098,0.05549425431046745,TRUE,0.016127080840552917
icar_only,Hardin,0.12110956031239964,0.119770916334661,0.0013386439777386405,0.01182969870590757,0.09928549772410536,0.1458302454153704,0.04654474769126504,TRUE,0.0027710714013358955
icar_only,Monona,0.14967667754412217,0.122112965927281,0.027563711616841166,0.018269861449802093,0.11646691465977416,0.18808977334153792,0.07162285868176377,TRUE,0.018006232924311704
icar_only,Adams,0.18202396634934684,0.145127118644068,0.036896847705278846,0.023105029412130603,0.14008957128680521,0.23105317195146552,0.0909636006646603,TRUE,0.024612342580852393
icar_only,Clayton,0.16919370640583178,0.164763644667732,0.004430061738099789,0.011915694330874261,0.14655793092318323,0.19337730365101494,0.04681937272783171,TRUE,0.003365896045262941
icar_only,Fremont,0.14219992799154835,0.12540192926045,0.016797998731098357,0.014785865929800024,0.11497683719347396,0.17276177261765002,0.057784935424176065,TRUE,0.010034866415878975
icar_only,Monroe,0.1790582970464191,0.143014301430143,0.03604399561627611,0.02092583194023081,0.14079192658074594,0.2228661163611191,0.08207418978037317,TRUE,0.024774556584680585
icar_only,Madison,0.07621756880618122,0.069000433964993,0.007217134841188216,0.01308071638548996,0.05351283891377191,0.10452346430177033,0.051010625387998415,TRUE,0.004224218554983215
icar_only,Chickasaw,0.10507706020614266,0.092518973617636,0.012558086588506656,0.013135450430897838,0.08144518150869741,0.13271125796286246,0.05126607645416505,TRUE,0.007181406693810537
icar_only,Osceola,0.10622874376980014,0.096942321056289,0.009286422713511142,0.017716416256911623,0.07514662188424548,0.14469436936850066,0.06954774748425518,TRUE,0.005555212239007983
icar_only,Franklin,0.1298711177142421,0.110609965635739,0.019261152078503097,0.016871965166927405,0.0996354980019967,0.16530955177090587,0.06567405376890917,TRUE,0.011431031620460927
icar_only,Black Hawk,0.08440510669410618,0.074044980276303,0.010360126417803178,0.004900899635919711,0.07513829123828226,0.09431650589983348,0.019178214661551216,FALSE,0.007643290291414245
icar_only,Kossuth,0.12808601336973377,0.107815964523282,0.02027004884645177,0.012224009664456734,0.10578242042574648,0.1534914200095373,0.04770899958379082,TRUE,0.01368906876159946
icar_only,Davis,0.12481688395992753,0.089689857502096,0.03512702645783153,0.020267526002848923,0.08927574350249697,0.16842117867316792,0.07914543517067095,TRUE,0.024084689913403342
icar_only,Marion,0.05809087354409826,0.065941874511476,-0.007851000967377737,0.007884966941543956,0.04410888549156211,0.07464067041994285,0.03053178492838074,TRUE,0.00495369648111774
icar_only,Webster,0.08948893898056325,0.11164905237055,-0.02216011338998676,0.008859505758396342,0.07318192418620365,0.10770085383820145,0.03451892965199781,FALSE,0.017250891330453138
icar_only,Taylor,0.17298344335210378,0.131369150779896,0.04161429257220778,0.013697613666143596,0.14751297646421554,0.20083380221491184,0.0533208257506963,FALSE,0.0338920984882253
icar_only,Iowa,0.09740735266615466,0.07219724833129,0.02521010433486466,0.01283243494714224,0.07443340165157968,0.1246516701079346,0.05021826845635492,FALSE,0.018092662882080557
icar_only,Humboldt,0.11820695233396825,0.108947713848173,0.00925923848579524,0.01522767105960432,0.09095107430673001,0.15042429780757735,0.05947322350084734,TRUE,0.005370004304240579
icar_only,Benton,0.08246309883622344,0.071686529433008,0.010776569403215433,0.010760473207876662,0.06298569372207645,0.10524165570813475,0.0422559619860583,TRUE,0.00620458256973512
icar_only,Allamakee,0.2354174303499,0.244001043296818,-0.008583612946917979,0.01545920588492373,0.20593748206466148,0.26666338095783515,0.060725898893173674,TRUE,0.00556570849892577
icar_only,Jackson,0.14475617874958854,0.10128773942214,0.04346843932744854,0.014386001742895744,0.11812801380810704,0.17463558643062077,0.05650757262251373,FALSE,0.035383921054952895
icar_only,Buena Vista,0.09143240365861265,0.085247512590591,0.006184891068021642,0.00934947494135788,0.07432701970606273,0.11064135340343205,0.03631433369736932,TRUE,0.0036011919745746485
icar_only,Harrison,0.10871126419967565,0.107126781695424,0.0015844825042516525,0.011701402431360199,0.08731975062552294,0.1332383107134432,0.04591856008792025,TRUE,0.0027481119291130427
icar_only,Appanoose,0.21087759286438068,0.156359023152553,0.05451856971182767,0.018596388628124506,0.17621984780061925,0.24907514753758747,0.07285529973696822,FALSE,0.044045849858927705
icar_only,Ida,0.13362247107687528,0.12291169451074,0.010710776566135283,0.017753293734757227,0.10206971223083751,0.17137717172205655,0.06930745949121904,TRUE,0.00628824061059422
icar_only,Jones,0.09234317211711184,0.085446962011047,0.006896210106064837,0.01260248650597412,0.0697719507729751,0.11933221402522831,0.04956026325225321,TRUE,0.0040901125723239815
icar_only,Shelby,0.09300868389433474,0.08116583656152,0.011842847332814738,0.014626469660663922,0.06726770978191081,0.12435684470513221,0.0570891349232214,TRUE,0.0065820899427573125
icar_only,O'Brien,0.10698782502341557,0.101624770079706,0.005363054943709575,0.014385283747797515,0.08136304424778966,0.1373789796127235,0.056015935364933836,TRUE,0.0039041558848399486
icar_only,Van Buren,0.1774212123116432,0.147428571428571,0.029992640883072214,0.018609951203702537,0.143193684631273,0.21604544361601377,0.07285175898474078,TRUE,0.020079153938712846
icar_only,Jefferson,0.10963463772558404,0.102354012225257,0.007280625500327043,0.01590219675309476,0.08121483351692847,0.14335168330483722,0.062136849787908746,TRUE,0.004691702700087468
icar_only,Wright,0.1382017963862506,0.136741214057508,0.0014605823287426045,0.014730962496042346,0.11136666160231065,0.16892733102381965,0.057560669421509,TRUE,0.0034556211461152487
icar_only,Fayette,0.14318752936222148,0.120886212088621,0.022301317273600477,0.010185780214923364,0.12419040979391677,0.1641346511936854,0.039944241399768626,FALSE,0.016635201604057726
icar_only,Jasper,0.10194423921586028,0.070543020084304,0.031401219131556274,0.011272085826349382,0.08155732186844754,0.12577448597106455,0.044217164102617015,FALSE,0.025076833822080365
icar_only,Crawford,0.09867210741823007,0.087527352297593,0.011144755120637076,0.009754290433788842,0.08060239140401548,0.11887507291482087,0.03827268151080539,TRUE,0.006695820726221966
icar_only,Lyon,0.09417185471997215,0.072866929624247,0.021304925095725152,0.011633603584479794,0.07325400686211353,0.11872592151003726,0.04547191464792373,FALSE,0.014904492242553167
icar_only,Floyd,0.09419327581119658,0.08750341810227,0.006689857708926578,0.01409427910125031,0.06933092383026375,0.12470170547491952,0.05537078164465577,TRUE,0.004210142008257875
icar_only,Howard,0.13541949474567958,0.085535465924896,0.04988402882078358,0.020948782084290105,0.09850152161102689,0.17985060311750087,0.08134908150647398,FALSE,0.03813398678649618
icar_only,Guthrie,0.21756635549293837,0.21548588255673,0.0020804729362083607,0.01650445997977,0.18661697152902534,0.2517765245122682,0.06515955298324283,TRUE,0.0039110119082579635
icar_only,Ringgold,0.28044493954931143,0.272080838323353,0.008364101225958431,0.022614769364709086,0.23756427770896024,0.32606776858090325,0.08850349087194301,TRUE,0.006367975594157375
icar_only,Greene,0.11363895150532696,0.117660710141564,-0.0040217586362370356,0.015179759017028865,0.08652787652401721,0.14581822577331788,0.05929034924930067,TRUE,0.004133797433065214
icar_only,Decatur,0.1584732957951248,0.182589652340542,-0.02411635654541719,0.0162564858909797,0.12837597126014896,0.1919893171170946,0.06361334585694564,TRUE,0.01622368336615983
icar_only,Union,0.13005437711969786,0.106327800829876,0.02372657628982186,0.017807350121104418,0.09808770912580317,0.1679282767561664,0.06984056763036323,TRUE,0.014796097753136625
icar_only,Louisa,0.13500586420611363,0.112903225806452,0.02210263839966163,0.016968569550429236,0.1045504301628877,0.17015042267967567,0.06559999251678797,TRUE,0.013679685815234582
icar_only,Adair,0.13087961693248268,0.102649930264993,0.02822968666748968,0.0159211059368398,0.10201566867584956,0.16432096937896296,0.062305300703113395,TRUE,0.01954702389425245
cdl_only,Grundy,0.079236966770478,0.072461116193962,0.0067758505765160015,0.01056473551038932,0.060036474405901395,0.10195574006164966,0.041919265655748265,TRUE,0.00386344955574086
cdl_only,Plymouth,0.06338485650955494,0.059807727860972,0.003577128648582943,0.010430249920881297,0.04537256846466291,0.08582778211718047,0.04045521365251756,TRUE,0.0027220907448649166
cdl_only,Lucas,0.11722882962661912,0.110892065056678,0.006336764569941131,0.014964125960261766,0.09041558680282241,0.14879663613906394,0.058381049336241525,TRUE,0.004290923570917507
cdl_only,Calhoun,0.19085828961896792,0.146929364913016,0.043928924705951916,0.015070169855628786,0.16273664420246062,0.2215451200555063,0.05880847585304569,FALSE,0.03543448346102544
cdl_only,Lee,0.11756399341942274,0.114894690377097,0.002669303042325738,0.010498088995489551,0.09798283562685607,0.13934183328007196,0.04135899765321589,TRUE,0.002639735786301923
cdl_only,Scott,0.0972824843006262,0.078988311838603,0.01829417246202321,0.005481203871149221,0.08687492454361934,0.10833439386603898,0.02145946932241964,FALSE,0.015204939824380712
cdl_only,Mitchell,0.10496383455429922,0.095935630286775,0.009028204267524223,0.015694265075620616,0.077164154708178,0.1389626484194586,0.0617984937112806,TRUE,0.005242583684395041
cdl_only,Worth,0.095249680952382,0.101436781609195,-0.006187100656813008,0.016246136562917943,0.06718048903904382,0.13021559377638867,0.06303510473734485,TRUE,0.005057876812278473
cdl_only,Cass,0.105395462957682,0.090653329165364,0.014742133792317993,0.014443174606570335,0.07980855558716328,0.13602715764749046,0.05621860206032718,TRUE,0.008479880971609574
cdl_only,Clinton,0.11917664642175187,0.094529906585491,0.024646739836260867,0.008931089458442756,0.10251838925856015,0.13732962792560463,0.03481123866704448,FALSE,0.019623992010794802
cdl_only,Palo Alto,0.18525960743765876,0.151682905225864,0.03357670221179476,0.016981031886432053,0.15387063484282099,0.21949001688251002,0.06561938203968903,FALSE,0.024171657332064132
cdl_only,Emmet,0.15816001871041732,0.112402234636872,0.04575778407354532,0.017990246361871107,0.1255697075325513,0.19571891373113062,0.07014920619857931,FALSE,0.03566339987252333
cdl_only,Keokuk,0.11340067811633973,0.10313708637731,0.010263591739029729,0.011782602714079129,0.09217374252720605,0.13814788125958252,0.04597413873237648,TRUE,0.0058348530496333175
cdl_only,Buchanan,0.1186192244886244,0.077425163178033,0.041194061310591404,0.013132967694984447,0.0948082455775604,0.14581180020388237,0.05100355462632197,FALSE,0.03380955176290395
cdl_only,Washington,0.09445677762482566,0.068630523346913,0.025826254277912658,0.010554274672620443,0.07528800726806013,0.1164888017294053,0.04120079446134517,FALSE,0.01990448486608098
cdl_only,Polk,0.06429524630320826,0.063244585696342,0.0010506606068662605,0.003051005876896413,0.05854444304293321,0.07042654206289255,0.01188209901995934,TRUE,8.448465329560041e-4
cdl_only,Marshall,0.08850872914488535,0.082830695730069,0.005678033414816347,0.009714222918024831,0.07090404414778427,0.10873424779024389,0.03783020364245962,TRUE,0.0033645174028491247
cdl_only,Dallas,0.06656517983327397,0.068911854103343,-0.0023466742700690296,0.007325917601695265,0.05330852115707719,0.08179126407354781,0.02848274291647062,TRUE,0.002091083553915743
cdl_only,Butler,0.09699899989743954,0.083231334149327,0.013767665748112543,0.010061281459398944,0.07865353460994604,0.11800614704453169,0.039352612434585654,TRUE,0.008685370937997025
cdl_only,Clay,0.11086677324224259,0.109384634356887,0.0014821388853555884,0.016351066475663013,0.08212566847722419,0.1463203018567082,0.064194633379484,TRUE,0.003770380743768588
cdl_only,Des Moines,0.09662907482980738,0.10813544883399,-0.011506374004182612,0.009441227087074818,0.0792779607472657,0.1162610937156192,0.036983132968353497,TRUE,0.007407520487156828
cdl_only,Page,0.10914410710048136,0.110410998138336,-0.0012668910378546422,0.013447058419400342,0.08474909094914072,0.13736918817423294,0.05262009722509221,TRUE,0.0032630105192363317
cdl_only,Delaware,0.14476685381161608,0.118395061728395,0.026371792083221074,0.014538854111455132,0.11802549036861766,0.17527897054196154,0.057253480173343876,TRUE,0.018438291495290443
cdl_only,Audubon,0.1015863679766364,0.103695730175816,-0.002109362199179607,0.01459032837246124,0.07595176168163481,0.13306672030398584,0.057114958622351025,TRUE,0.003628419419145024
cdl_only,Montgomery,0.1379010518072109,0.110045935690034,0.027855116117176906,0.020047081366131977,0.10224336690716189,0.1805614566454267,0.0783180897382648,TRUE,0.0175833288191032
cdl_only,Hamilton,0.14495589733000658,0.107147932357539,0.03780796497246758,0.017503234405401843,0.11343087178216321,0.18163645815116894,0.06820558636900573,FALSE,0.028027261610678308
cdl_only,Winneshiek,0.08581246440758665,0.08366980708838,0.0021426573192066534,0.010058204358385225,0.06758866474470622,0.10687547172234832,0.0392868069776421,TRUE,0.002450430797952677
cdl_only,Bremer,0.08205811596090158,0.079931323922167,0.0021267920387345873,0.010462837359953256,0.06335262326575844,0.10434816345623192,0.04099554019047348,TRUE,0.0025295668415226966
cdl_only,Tama,0.13397950563101613,0.104422442244224,0.02955706338679212,0.011878396575970672,0.11195484543598169,0.15858712068315295,0.046632275247171256,FALSE,0.022889694020190605
cdl_only,Boone,0.1026875055605645,0.078852445264659,0.0238350602959055,0.012124909266917392,0.08064064917441986,0.12831128918039583,0.04767064000597597,FALSE,0.01710435302507926
cdl_only,Henry,0.10095609693287766,0.077637532745892,0.023318564186985663,0.013131962072699463,0.07731273686083903,0.1286301231662654,0.05131738630542637,TRUE,0.016149732617460756
cdl_only,Warren,0.05768060955396264,0.059500407537038,-0.0018197979830753622,0.008642313731981661,0.04250294694021196,0.07600202420935037,0.033499077269138415,TRUE,0.0022737762298432372
cdl_only,Pottawattamie,0.07966255279904047,0.064438422161999,0.015224130637041464,0.004954457565676824,0.07037970976235244,0.08968118119067764,0.019301471428325195,FALSE,0.012428676435386947
cdl_only,Johnson,0.07103618167113637,0.069497542326597,0.0015386393445393776,0.006226923847210099,0.0595727418771149,0.08400139605366394,0.02442865417654904,TRUE,0.001548738329054529
cdl_only,Linn,0.06941488461480762,0.064002765978465,0.005412118636342611,0.003894725578347396,0.062035011875350224,0.07723678883877386,0.015201776963423633,TRUE,0.0034689155854369623
cdl_only,Dubuque,0.07090072966254482,0.064250527797326,0.006650201865218822,0.00580711587794947,0.060146640005230595,0.08281505048826467,0.02266841048303407,TRUE,0.004001240240291854
cdl_only,Story,0.06897234450420334,0.074659703585503,-0.005687359081299664,0.007921830024884571,0.05470425891366618,0.0856762107475018,0.030971951833835616,TRUE,0.0036010809257311905
cdl_only,Carroll,0.09432852869277707,0.07650158061117,0.017826948081607064,0.014399937769076936,0.06923109384624163,0.12471770070649571,0.055486606860254084,TRUE,0.010772893108068496
cdl_only,Wapello,0.1058590943417247,0.099593237574679,0.006265856767045705,0.010315432464664126,0.0869507892242229,0.12752428515217487,0.040573495927951966,TRUE,0.003688098392312345
cdl_only,Dickinson,0.3919093841041125,0.417427507121467,-0.025518123017354455,0.010967654487919372,0.37065476556405735,0.4136520585266769,0.04299729296261956,FALSE,0.019421935287217782
cdl_only,Cerro Gordo,0.12954113315492627,0.149493430075654,-0.019952296920727725,0.01040046367290914,0.11023836563253693,0.15089383262990266,0.04065546699736573,TRUE,0.014392014719742073
cdl_only,Mahaska,0.09772400914585291,0.091012396694215,0.006711612451637913,0.011409760204602179,0.07709047537608937,0.12170521816594125,0.04461474278985188,TRUE,0.003969005218652219
cdl_only,Cedar,0.095768924747261,0.072771672771673,0.022997251975587996,0.011812879937451485,0.07424846191636622,0.12091172182285471,0.046663259906488494,FALSE,0.016465429232108305
cdl_only,Poweshiek,0.14272784455036083,0.153828879407141,-0.011101034856780156,0.01530864499620462,0.114632152158734,0.17483000025190032,0.06019784809316632,TRUE,0.006934380936092139
cdl_only,Hancock,0.10492244838878975,0.103266184236261,0.001656264152528758,0.013770136281602941,0.08028906621744669,0.13394295309561075,0.05365388687816405,TRUE,0.0032343090095294335
cdl_only,Clarke,0.09982193406252564,0.093017806935333,0.0068041271271926385,0.021284391618558836,0.06491983578417168,0.14630560290577904,0.08138576712160736,TRUE,0.005322803069661128
cdl_only,Winnebago,0.12605458466207123,0.111286192633445,0.014768392028626232,0.015504979474800824,0.09819746877777723,0.15843737902354796,0.06023991024577073,TRUE,0.00845753889353828
cdl_only,Wayne,0.1768173773248921,0.145454545454545,0.03136283187034711,0.01752755160845971,0.144487026486369,0.213150916743965,0.068663890257596,TRUE,0.021780424508002258
cdl_only,Sioux,0.054911221614845636,0.061384615384615,-0.006473393769769367,0.007420082530078259,0.04185330190751699,0.07083338636186493,0.028980084454347937,TRUE,0.004095936376745161
cdl_only,Pocahontas,0.1419730451664515,0.157119476268412,-0.015146431101960484,0.014680451695251843,0.11509062236370353,0.1722894881614168,0.05719886579771326,TRUE,0.009470370176447989
cdl_only,Mills,0.11127099994934359,0.097872340425532,0.013398659523811585,0.012982404036557147,0.08813636726252355,0.1386664075661852,0.05053004030366165,TRUE,0.007774044146406199
cdl_only,Woodbury,0.07157376886929921,0.065501978876373,0.006071789992926208,0.0069566352216800815,0.058803048388996575,0.08592097549916275,0.027117927110166175,TRUE,0.00348934890938559
cdl_only,Cherokee,0.08198969847258195,0.09895645915797,-0.01696676068538805,0.01333593247883334,0.05859072038635951,0.11042345588321612,0.0518327354968566,TRUE,0.011155606025148434
cdl_only,Muscatine,0.09362828310806419,0.079385821626919,0.014242461481145191,0.011002921163001703,0.07406398947812043,0.11656615397010975,0.04250216449198932,TRUE,0.008784729220625453
cdl_only,Sac,0.1904839759842039,0.165103556076592,0.025380419907611917,0.014404396629548026,0.16336569884700805,0.21975567494024748,0.056389976093239425,TRUE,0.01761151100496236
cdl_only,Hardin,0.12234734372932803,0.119770916334661,0.0025764273946670274,0.012098415112058064,0.10018421577361657,0.14751726324344824,0.04733304746983168,TRUE,0.002928333755633646
cdl_only,Monona,0.1508893225533378,0.122112965927281,0.028776356626056807,0.01842323643829946,0.11781498672465358,0.189381460769735,0.07156647404508142,TRUE,0.01898442387449696
cdl_only,Adams,0.17997129614747634,0.145127118644068,0.03484417750340835,0.024065842125941556,0.13624690978805457,0.2303528424237203,0.09410593263566575,TRUE,0.022371339580154196
cdl_only,Clayton,0.17006680504826857,0.164763644667732,0.005303160380536576,0.012216474122240244,0.14699234683124887,0.19484115729867935,0.047848810467430475,TRUE,0.003644615102782129
cdl_only,Fremont,0.1407341995911217,0.12540192926045,0.015332270330671721,0.014735309135787886,0.11357902767529852,0.17125758078007933,0.0576785531047808,TRUE,0.008998969561001552
cdl_only,Monroe,0.18578899443287084,0.143014301430143,0.04277469300272785,0.021912729984235324,0.14563679414928088,0.2317539391222802,0.08611714497299933,FALSE,0.030642162437200252
cdl_only,Madison,0.07741666038960932,0.069000433964993,0.008416226424616313,0.014243184780831274,0.05285663727597288,0.10877236154179125,0.05591572426581837,TRUE,0.004806002169690336
cdl_only,Chickasaw,0.10561272984078425,0.092518973617636,0.013093756223148248,0.013664195293239185,0.08118883714236175,0.1343804467229865,0.053191609580624744,TRUE,0.007470614994646401
cdl_only,Osceola,0.10231368888564267,0.096942321056289,0.005371367829353671,0.017340056692084594,0.07208989951267919,0.1396027082256053,0.06751280871292611,TRUE,0.0044107110040778824
cdl_only,Franklin,0.13140724214033336,0.110609965635739,0.02079727650459437,0.018026255953400003,0.09925516722825073,0.16957398039703783,0.0703188131687871,TRUE,0.012352383310989543
cdl_only,Black Hawk,0.08433679481947605,0.074044980276303,0.010291814543173045,0.004948264144835295,0.07503799877744216,0.09436230041929951,0.019324301641857347,FALSE,0.007546377731710908
cdl_only,Kossuth,0.12543890436576896,0.107815964523282,0.01762293984248696,0.012204539610122382,0.10310183017605895,0.1506838720692686,0.04758204189320964,TRUE,0.011358700370542239
cdl_only,Davis,0.12046989364055569,0.089689857502096,0.030780036138459685,0.020038501777876434,0.08559541988801761,0.1632759170701535,0.07768049718213588,TRUE,0.020088553841478295
cdl_only,Marion,0.05877080095934258,0.065941874511476,-0.007171073552133415,0.008261164346603145,0.04435321736192756,0.07630817900798126,0.0319549616460537,TRUE,0.0045323424755604426
cdl_only,Webster,0.08683541233294043,0.11164905237055,-0.02481364003760958,0.008769412165401384,0.07088771159845439,0.10521540166908469,0.0343276900706303,FALSE,0.019920031071867024
cdl_only,Taylor,0.17056536071931988,0.131369150779896,0.03919620993942388,0.013641875844688376,0.145155110605485,0.19834047750808967,0.05318536690260467,FALSE,0.031513092255143066
cdl_only,Iowa,0.0997316439969991,0.07219724833129,0.027534395665709102,0.013536437187647583,0.0756217050364998,0.1284808023956101,0.052859097359110305,FALSE,0.02001756526078892
cdl_only,Humboldt,0.11477939852833616,0.108947713848173,0.005831684680163152,0.015223973663570766,0.08739073617002187,0.14701553295944492,0.05962479678942305,TRUE,0.004203688045697479
cdl_only,Benton,0.08271401324245282,0.071686529433008,0.011027483809444821,0.0110876109473454,0.06287875008214411,0.10640402550454073,0.04352527542239662,TRUE,0.006325223741735524
cdl_only,Allamakee,0.23390740170720564,0.244001043296818,-0.010093641589612345,0.015386704444111618,0.2048428481134391,0.2653797775631051,0.06053692944966599,TRUE,0.006307661348329962
cdl_only,Jackson,0.14642530297636452,0.10128773942214,0.04513756355422452,0.014209994464900079,0.12041318519571467,0.1762708227048671,0.05585763750915243,FALSE,0.037141604601251196
cdl_only,Buena Vista,0.08723498505518666,0.085247512590591,0.0019874724645956576,0.009254321449995478,0.07030646082790466,0.10659908707377815,0.03629262624587348,TRUE,0.0022512714570494517
cdl_only,Harrison,0.10947932008459041,0.107126781695424,0.0023525383891664087,0.011851950692273763,0.08801691620513433,0.13396158355788554,0.04594466735275121,TRUE,0.002909888731667195
cdl_only,Appanoose,0.210994285703839,0.156359023152553,0.05463526255128598,0.018583953944540866,0.1763424571302367,0.24852724648668487,0.07218478935644818,FALSE,0.044138033814203476
cdl_only,Ida,0.13486072563577572,0.12291169451074,0.01194903112503573,0.018151641490811672,0.10201372458532534,0.17336525164696687,0.07135152706164152,TRUE,0.006863007437246377
cdl_only,Jones,0.09345588646349168,0.085446962011047,0.00800892445244468,0.013366716424573133,0.06963067394950159,0.12164372667451528,0.05201305272501369,TRUE,0.004655998983369507
cdl_only,Shelby,0.09381560901050937,0.08116583656152,0.012649772448989363,0.015507531759116764,0.06673142173534345,0.12737546942742323,0.060644047692079775,TRUE,0.007019114681078034
cdl_only,O'Brien,0.10754929476145958,0.101624770079706,0.005924524681753585,0.01485387730641397,0.08095547842234488,0.1393990599896953,0.05844358156735041,TRUE,0.004158230966731876
cdl_only,Van Buren,0.18038579790171802,0.147428571428571,0.03295722647314703,0.01889155494699617,0.14567350855449418,0.21936558332018785,0.07369207476569367,TRUE,0.02266568776188452
cdl_only,Jefferson,0.10992256044591416,0.102354012225257,0.007568548220657154,0.016767965685617444,0.08042705438009538,0.1460588056475553,0.06563175126745992,TRUE,0.004897279765395241
cdl_only,Wright,0.13795886128669294,0.136741214057508,0.0012176472291849372,0.0154892984159182,0.10956380991472231,0.16973103226104685,0.060167222346324545,TRUE,0.0036576920796794255
cdl_only,Fayette,0.1437729435176997,0.120886212088621,0.022886731429078697,0.010499821279300657,0.12413850829415847,0.16527468258495348,0.04113617429079501,FALSE,0.01703561863874553
cdl_only,Jasper,0.10487454209819412,0.070543020084304,0.034331522013890114,0.012000426264610863,0.08299432837942085,0.13016283311729893,0.04716850473787808,FALSE,0.027592526913644343
cdl_only,Crawford,0.09751681198296566,0.087527352297593,0.009989459685372667,0.009913172735088025,0.07931846562636885,0.11818851589885353,0.03887005027248468,TRUE,0.00581910671501296
cdl_only,Lyon,0.09604989870180944,0.072866929624247,0.02318296907756244,0.01161579730717091,0.0750332037086915,0.12061431296543004,0.04558110925673854,FALSE,0.016759325691177274
cdl_only,Floyd,0.09283951327512042,0.08750341810227,0.0053360951728504274,0.014461990137541125,0.06732564624380839,0.12419540818356074,0.05686976193975235,TRUE,0.003859432067473472
cdl_only,Howard,0.13709631111199308,0.085535465924896,0.05156084518709708,0.02091425838558219,0.10020227921205588,0.18189430205771828,0.0816920228456624,FALSE,0.039868971141249154
cdl_only,Guthrie,0.2246273687464829,0.21548588255673,0.009141486189752884,0.01696916230960806,0.19233429341682268,0.25923998312295443,0.06690568970613175,TRUE,0.005724610235077135
cdl_only,Ringgold,0.2796537079826505,0.272080838323353,0.0075728696592974876,0.022588920460769865,0.237210716468293,0.32607806189786914,0.08886734542957614,TRUE,0.0061035609694805315
cdl_only,Greene,0.11206309791901382,0.117660710141564,-0.0055976122225501745,0.015354252897828245,0.08452867574684263,0.14500171084647323,0.060473035099630604,TRUE,0.004622335946868705
cdl_only,Decatur,0.15699501176672087,0.182589652340542,-0.02559464057382113,0.01641793554302671,0.12678656380541564,0.19077577075492258,0.06398920694950694,TRUE,0.01743262622348068
cdl_only,Union,0.12519840426020615,0.106327800829876,0.018870603430330146,0.018120819308433928,0.09295236617363346,0.16388162489848537,0.07092925872485191,TRUE,0.010888104785823454
cdl_only,Louisa,0.14008383993280735,0.112903225806452,0.02718061412635535,0.0173793935062905,0.10857955831687097,0.17641210526979742,0.06783254695292645,TRUE,0.01797120533004095
cdl_only,Adair,0.13137414859249433,0.102649930264993,0.028724218327501327,0.01619846750790336,0.10213729274743646,0.1650541444218125,0.06291685167437602,TRUE,0.01985995719932884
cdl_and_icar,Grundy,0.07953917146292777,0.072461116193962,0.007078055268965766,0.010488851543064778,0.0607070889074006,0.10164937986896214,0.04094229096156154,TRUE,0.004029071907448327
cdl_and_icar,Plymouth,0.05946847103505315,0.059807727860972,-3.3925682591885026e-4,0.009849067912646434,0.042251260752670654,0.08083272084570099,0.03858146009303034,TRUE,0.0023202226020233364
cdl_and_icar,Lucas,0.11722224688553438,0.110892065056678,0.0063301818288563905,0.014353354373806308,0.09114485982077036,0.14749028137580025,0.05634542155502989,TRUE,0.004196707995182264
cdl_and_icar,Calhoun,0.18987545650791604,0.146929364913016,0.04294609159490004,0.015052734657677876,0.16157977189580905,0.22066695253629168,0.05908718064048263,FALSE,0.03447769958313293
cdl_and_icar,Lee,0.1173679475676123,0.114894690377097,0.0024732571905153045,0.010565905448987657,0.09768984797488724,0.13944357566474128,0.04175372768985404,TRUE,0.0026118518114481974
cdl_and_icar,Scott,0.09699320288430295,0.078988311838603,0.018004891045699953,0.005337585013400253,0.08698013490658818,0.10783866854490587,0.02085853363831769,FALSE,0.014995488642874245
cdl_and_icar,Mitchell,0.10491410775400198,0.095935630286775,0.008978477467226978,0.01547472169837451,0.07741568746324837,0.1378906688515845,0.060474981388336124,TRUE,0.005267952235219857
cdl_and_icar,Worth,0.09651300343669984,0.101436781609195,-0.004923778172495161,0.016637083364478788,0.06773922596561194,0.1323097212779704,0.06457049531235845,TRUE,0.004727847156859541
cdl_and_icar,Cass,0.1082452296121976,0.090653329165364,0.01759190044683359,0.014199626189677003,0.08266007582740535,0.13834466913721857,0.05568459330981322,TRUE,0.01074259732882056
cdl_and_icar,Clinton,0.11865304784444186,0.094529906585491,0.02412314125895086,0.009009740926927093,0.10203086449706622,0.13728452743973563,0.035253662942669406,FALSE,0.019052320255557934
cdl_and_icar,Palo Alto,0.1877388711848623,0.151682905225864,0.03605596595899829,0.016741392300737415,0.15657895788524448,0.22238531529217553,0.06580635740693105,FALSE,0.026758373372468364
cdl_and_icar,Emmet,0.16675067883933656,0.112402234636872,0.054348444202464555,0.018952025227478544,0.13211300339530396,0.20623659975460437,0.07412359635930041,FALSE,0.04368438888717409
cdl_and_icar,Keokuk,0.11237403681107778,0.10313708637731,0.00923695043376778,0.011416982116237474,0.09151312473167195,0.13620895873685246,0.04469583400518051,TRUE,0.005265609074634362
cdl_and_icar,Buchanan,0.11633010435760928,0.077425163178033,0.03890494117957628,0.012610555166150632,0.09330993680051027,0.14278003206364243,0.04947009526313216,FALSE,0.031811677891571945
cdl_and_icar,Washington,0.09333341807653821,0.068630523346913,0.02470289472962521,0.010210215350074376,0.07463090272596218,0.1145919817402827,0.03996107901432053,FALSE,0.018981196101407964
cdl_and_icar,Polk,0.06403752022653798,0.063244585696342,7.929345301959795e-4,0.0030077447805491185,0.058342328910937186,0.07010359195176484,0.011761263040827655,TRUE,7.679437907606495e-4
cdl_and_icar,Marshall,0.0885861072704712,0.082830695730069,0.005755411540402197,0.009561675361175796,0.07129490529138402,0.10875373811283914,0.037458832821455124,TRUE,0.0034142532704623434
cdl_and_icar,Dallas,0.06669252393161564,0.068911854103343,-0.00221933017172736,0.007247197056564006,0.05350747684714936,0.08191094393333861,0.028403467086189252,TRUE,0.002044325849954075
cdl_and_icar,Butler,0.09696352809361641,0.083231334149327,0.013732193944289414,0.009888147083367967,0.07892591593134597,0.11762330196137934,0.038697386030033365,TRUE,0.008727576688866982
cdl_and_icar,Clay,0.11946787521164796,0.109384634356887,0.010083240854760964,0.016610512421334406,0.08993411818502968,0.15435532525245527,0.06442120706742559,TRUE,0.005844621696361938
cdl_and_icar,Des Moines,0.09606731655831689,0.10813544883399,-0.012068132275673105,0.009479936555413434,0.07855035320810998,0.1158225860302688,0.03727223282215883,TRUE,0.007845381227524772
cdl_and_icar,Page,0.1123950843984637,0.110410998138336,0.001984086260127693,0.013521249615134661,0.08784107654335419,0.14044323310940598,0.0526021565660518,TRUE,0.0032359852390010666
cdl_and_icar,Delaware,0.14164837211442308,0.118395061728395,0.02325331038602807,0.014054958877471293,0.11612244380800343,0.17084190521006562,0.054719461402062186,TRUE,0.015706590223444585
cdl_and_icar,Audubon,0.10321916822217726,0.103695730175816,-4.7656195363873777e-4,0.014377572623479884,0.07782731749794818,0.13396259180075415,0.056135274302805974,TRUE,0.003370785539682321
cdl_and_icar,Montgomery,0.13809100782505052,0.110045935690034,0.028045072135016516,0.018821588311499618,0.10426867421931552,0.17766626309680195,0.07339758887748643,TRUE,0.018169801729757316
cdl_and_icar,Hamilton,0.14240088028144343,0.107147932357539,0.03525294792390443,0.017205354828388374,0.11117610159898789,0.1785178742037241,0.0673417726047362,FALSE,0.025696484630537413
cdl_and_icar,Winneshiek,0.08887427221361863,0.08366980708838,0.00520446512523863,0.010292845693221767,0.070242197241744,0.11016110721404303,0.03991890997229902,TRUE,0.00326498482819976
cdl_and_icar,Bremer,0.08251506995936829,0.079931323922167,0.0025837460372012955,0.010265225328700112,0.06415309408423073,0.10397730780202105,0.039824213717790324,TRUE,0.002557562946237415
cdl_and_icar,Tama,0.131445611501379,0.104422442244224,0.027023169257155005,0.01152314986897941,0.11030595041331073,0.1552965033275781,0.04499055291426737,FALSE,0.020571283612112017
cdl_and_icar,Boone,0.09960184048068525,0.078852445264659,0.020749395216026256,0.011629372098027333,0.07838761799328564,0.12381907281939625,0.04543145482611061,TRUE,0.014397239938864156
cdl_and_icar,Henry,0.10111740380777678,0.077637532745892,0.02347987106188479,0.013192666144422651,0.07765077331012343,0.12914145818424358,0.051490684874120146,FALSE,0.01626589026661799
cdl_and_icar,Warren,0.05511302278691457,0.059500407537038,-0.00438738475012343,0.008100317630844308,0.040745626385124155,0.07254003557641862,0.03179440919129447,TRUE,0.0030077555833341726
cdl_and_icar,Pottawattamie,0.07975865038243896,0.064438422161999,0.01532022822043995,0.004907734945438758,0.0704315285390967,0.08987302883939344,0.019441500300296732,FALSE,0.012556999926398624
cdl_and_icar,Johnson,0.07109558305985361,0.069497542326597,0.001598040733256617,0.006080297367856596,0.05984983831822227,0.08372292738987978,0.023873089071657513,TRUE,0.0015388311246501104
cdl_and_icar,Linn,0.0695546930812678,0.064002765978465,0.005551927102802792,0.0038749917123613795,0.06225334439980014,0.07733583049949126,0.015082486099691123,TRUE,0.003595336575016682
cdl_and_icar,Dubuque,0.07122341602964996,0.064250527797326,0.006972888232323962,0.005882819557022406,0.06030343557390829,0.08329588214828564,0.022992446574377344,TRUE,0.004234258216223013
cdl_and_icar,Story,0.06891005642258978,0.074659703585503,-0.005749647162913221,0.007848735412839354,0.05466183739317283,0.08549261845561312,0.03083078106244029,TRUE,0.003652474242235498
cdl_and_icar,Carroll,0.10027269400154727,0.07650158061117,0.02377111339037727,0.01452583045976742,0.07443459180820172,0.13131478651857953,0.05688019471037781,TRUE,0.015942027090648507
cdl_and_icar,Wapello,0.10788570759562531,0.099593237574679,0.00829247002094631,0.010284028949286518,0.08873020618096222,0.12947122231144328,0.04074101613048106,TRUE,0.0047445908325330485
cdl_and_icar,Dickinson,0.3920107677515348,0.417427507121467,-0.025416739369932162,0.010933128924492337,0.3708409975433387,0.4135290081032636,0.04268801055992488,FALSE,0.019336894142278915
cdl_and_icar,Cerro Gordo,0.12899102801000753,0.149493430075654,-0.020502402065646463,0.010245130565950614,0.10987030303943672,0.15002999620668828,0.040159693167251556,TRUE,0.014948283111417342
cdl_and_icar,Mahaska,0.09692708560449102,0.091012396694215,0.0059146889102760225,0.011196862626164596,0.07678987080677757,0.12054278202460357,0.043752911217826,TRUE,0.003624092221333009
cdl_and_icar,Cedar,0.0923287734163896,0.072771672771673,0.019557100644716607,0.011150522986064903,0.07201486901308163,0.11608802868086558,0.044073159667783954,TRUE,0.013485945948308084
cdl_and_icar,Poweshiek,0.13853571380461394,0.153828879407141,-0.015293165602527053,0.014917077034548745,0.1110602421236246,0.16957611641435366,0.05851587429072906,TRUE,0.009570669095043676
cdl_and_icar,Hancock,0.10757077328059725,0.103266184236261,0.0043045890443362544,0.013420089087361588,0.08348325144414591,0.13627940949768666,0.05279615805354075,TRUE,0.0035100320553219833
cdl_and_icar,Clarke,0.10561966481975878,0.093017806935333,0.012601857884425777,0.020182890074759548,0.07088588391721545,0.1493430067310553,0.07845712281383985,TRUE,0.007062712328375081
cdl_and_icar,Winnebago,0.12712202018636454,0.111286192633445,0.01583582755291954,0.015707414366358353,0.09891399488921182,0.15994542376708376,0.06103142887787194,TRUE,0.009145649813236718
cdl_and_icar,Wayne,0.17725847767875758,0.145454545454545,0.03180393222421257,0.017659742765691988,0.1445647573229552,0.21368282401548921,0.06911806669253401,TRUE,0.02217567508562719
cdl_and_icar,Sioux,0.05401742212988253,0.061384615384615,-0.007367193254732472,0.0072280429486310605,0.04115287686119183,0.06937563285256614,0.028222755991374304,TRUE,0.004652737755774398
cdl_and_icar,Pocahontas,0.14318330622692843,0.157119476268412,-0.013936170041483564,0.014381716849282524,0.11703820163376649,0.1729947670750226,0.0559565654412561,TRUE,0.00868426294652016
cdl_and_icar,Mills,0.11145858317531265,0.097872340425532,0.013586242749780653,0.013063008015960666,0.08757511202545888,0.13894860712630266,0.05137349510084378,TRUE,0.007960956289858524
cdl_and_icar,Woodbury,0.07162615175762937,0.065501978876373,0.006124172881256371,0.007068334881547781,0.058506116196199554,0.08641079493063307,0.027904678734433516,TRUE,0.0034965239426469866
cdl_and_icar,Cherokee,0.08261000604428695,0.09895645915797,-0.016346453113683046,0.01282032435683389,0.060115991800769666,0.11007661819062378,0.049960626389854115,TRUE,0.01076351617964472
cdl_and_icar,Muscatine,0.09225245041312989,0.079385821626919,0.012866628786210893,0.010954246291137901,0.07234794816492214,0.1151043659174295,0.04275641775250735,TRUE,0.007734064462415727
cdl_and_icar,Sac,0.18842789909695593,0.165103556076592,0.02332434302036393,0.014169926949970076,0.16159850287500938,0.21741473743358739,0.05581623455857801,TRUE,0.015831244059544287
cdl_and_icar,Hardin,0.12129160547409981,0.119770916334661,0.0015206891394388133,0.01177170535198116,0.09968599890831538,0.14535008748733286,0.04566408857901748,TRUE,0.0027753435181365202
cdl_and_icar,Monona,0.1500977893291485,0.122112965927281,0.02798482340186749,0.01844553640992675,0.11689328604008227,0.18865230362506594,0.07175901758498367,TRUE,0.018285586769584767
cdl_and_icar,Adams,0.1823483194652598,0.145127118644068,0.03722120082119182,0.023224203492206212,0.13991201098444445,0.2314128366460907,0.09150082566164625,TRUE,0.024820533092539523
cdl_and_icar,Clayton,0.17008205707943863,0.164763644667732,0.005318412411706636,0.012101157648827209,0.1474572612139356,0.19486914996660948,0.04741188875267388,TRUE,0.0036582168535679443
cdl_and_icar,Fremont,0.14203578935373157,0.12540192926045,0.016633860093281577,0.015076274119168705,0.11473192459750144,0.17359500377610554,0.0588630791786041,TRUE,0.00985200500482616
cdl_and_icar,Monroe,0.181677920876081,0.143014301430143,0.03866361944593802,0.020762344240365407,0.14411487328414793,0.22536854237664655,0.08125366909249862,FALSE,0.02725460107138722
cdl_and_icar,Madison,0.07729792569189733,0.069000433964993,0.008297491726904332,0.013253760780308233,0.054197541749065443,0.10578267565512468,0.05158513390605924,TRUE,0.004690787963170474
cdl_and_icar,Chickasaw,0.10446017936259687,0.092518973617636,0.011941205744960867,0.012979299740322775,0.08113690137386277,0.13195622126163054,0.050819319887767764,TRUE,0.006804033250328651
cdl_and_icar,Osceola,0.10525259616444985,0.096942321056289,0.008310275108160847,0.017392737352474732,0.07469862510974244,0.14237077975879087,0.06767215464904842,TRUE,0.005231393545689388
cdl_and_icar,Franklin,0.12904953402208,0.110609965635739,0.018439568386341004,0.016831875920107115,0.09889052773033251,0.16528782602849892,0.06639729829816642,TRUE,0.010821309616828584
cdl_and_icar,Black Hawk,0.08446652601694822,0.074044980276303,0.010421545740645216,0.0049398575154557586,0.07526367602730599,0.09447264767864894,0.019208971651342943,FALSE,0.007682114432627526
cdl_and_icar,Kossuth,0.12788997346860193,0.107815964523282,0.020074008945319924,0.012158973470330032,0.10534626406589477,0.15298661769607821,0.047640353630183443,TRUE,0.013560293298833181
cdl_and_icar,Davis,0.12580390914346815,0.089689857502096,0.036114051641372144,0.020851978322403084,0.08914571553988289,0.1706484943883454,0.0815027788484625,TRUE,0.024729774182936582
cdl_and_icar,Marion,0.0582507499838615,0.065941874511476,-0.007691124527614501,0.007869302580897549,0.044093567726850295,0.07523019820457577,0.031136630477725476,TRUE,0.004871075975513721
cdl_and_icar,Webster,0.08983205601559714,0.11164905237055,-0.021816996354952864,0.008820363356005247,0.07361285594123845,0.10814403176793558,0.034531175826697125,FALSE,0.016923353370507117
cdl_and_icar,Taylor,0.17302789692813048,0.131369150779896,0.04165874614823448,0.013589540814723744,0.14759012515579717,0.20085723971568953,0.05326711455989236,FALSE,0.034008785623760335
cdl_and_icar,Iowa,0.09774234242383543,0.07219724833129,0.025545094092545434,0.01287335740022351,0.07472726290454082,0.12468925717462644,0.049961994270085616,FALSE,0.01840042992185408
cdl_and_icar,Humboldt,0.11771313932176183,0.108947713848173,0.008765425473588828,0.015420262047663424,0.09022230587110087,0.15007865921052754,0.05985635333942667,TRUE,0.005220715243809193
cdl_and_icar,Benton,0.0815354366581493,0.071686529433008,0.009848907225141298,0.010705294643611968,0.062499936712653754,0.10414341338066029,0.04164347666800653,TRUE,0.00557828760749484
cdl_and_icar,Allamakee,0.2364304195838845,0.244001043296818,-0.007570623712933489,0.015611110955952698,0.20701900752645405,0.26777794684643613,0.06075893931998208,TRUE,0.005208381008534703
cdl_and_icar,Jackson,0.14568385000749248,0.10128773942214,0.04439611058535248,0.014341567288068456,0.11922764202298662,0.17555581514358892,0.0563281731206023,FALSE,0.036321304759287264
cdl_and_icar,Buena Vista,0.09145202226102486,0.085247512590591,0.006204509670433858,0.009379991203158449,0.07445265377156236,0.11080006500748314,0.03634741123592078,TRUE,0.0035927077099185347
cdl_and_icar,Harrison,0.10908831031906809,0.107126781695424,0.001961528623644085,0.011819588140330307,0.08753556911458434,0.13423634176652918,0.04670077265194485,TRUE,0.0027910984391299057
cdl_and_icar,Appanoose,0.21129604911874258,0.156359023152553,0.05493702596618957,0.01848859549077124,0.17685767006583053,0.2490589584722955,0.07220128840646498,FALSE,0.0445223664345694
cdl_and_icar,Ida,0.13256626219820308,0.12291169451074,0.00965456768746309,0.01744367691939867,0.10147253400878938,0.16924072100191698,0.0677681869931276,TRUE,0.005786553482399284
cdl_and_icar,Jones,0.09223515932207405,0.085446962011047,0.006788197311027047,0.012803396558219061,0.06927218588320355,0.11964707134004886,0.050374885456845306,TRUE,0.004081861696194874
cdl_and_icar,Shelby,0.09189058164462909,0.08116583656152,0.010724745083109083,0.014548851896486128,0.0662625114916797,0.12290784963964207,0.05664533814796238,TRUE,0.005947022171565061
cdl_and_icar,O'Brien,0.10612645384705292,0.101624770079706,0.0045016837673469284,0.014277366026583941,0.08036935957794654,0.13644916373571636,0.05607980415776982,TRUE,0.0036839820440073383
cdl_and_icar,Van Buren,0.17829155190416549,0.147428571428571,0.030862980475594493,0.018458915274171303,0.1442983935520029,0.21599859319993633,0.07170019964793342,TRUE,0.020936732679276916
cdl_and_icar,Jefferson,0.10920995262390837,0.102354012225257,0.006855940398651367,0.01593085286473915,0.080688577750572,0.14329278797836736,0.06260421022779536,TRUE,0.004586244010479208
cdl_and_icar,Wright,0.1378849985045255,0.136741214057508,0.0011437844470175151,0.014719725294994566,0.1112041517875889,0.16837652142702642,0.05717236963943752,TRUE,0.003466367046331142
cdl_and_icar,Fayette,0.14285374086535366,0.120886212088621,0.02196752877673265,0.010167677379798627,0.12371810047359755,0.16336205234963969,0.03964395187604214,FALSE,0.016282960867001647
cdl_and_icar,Jasper,0.10124792239427845,0.070543020084304,0.03070490230997444,0.011360023387894064,0.08072653412762236,0.12517935335107486,0.0444528192234525,FALSE,0.02432484525335598
cdl_and_icar,Crawford,0.09857847637897102,0.087527352297593,0.011051124081378025,0.009819123637971033,0.08048844255436025,0.11909337480810428,0.038604932253744034,TRUE,0.006581213217662837
cdl_and_icar,Lyon,0.09427693695988651,0.072866929624247,0.02141000733563951,0.011673140696705225,0.07343682426260922,0.11887696795785402,0.045440143695244795,FALSE,0.01498901771646745
cdl_and_icar,Floyd,0.09447303741188917,0.08750341810227,0.006969619309619174,0.014019176381196203,0.06969851344629746,0.12432563217439169,0.054627118728094226,TRUE,0.004330451084053917
cdl_and_icar,Howard,0.13449219934823642,0.085535465924896,0.04895673342334042,0.020996865961171625,0.0969672028258097,0.17990209520790887,0.08293489238209917,FALSE,0.03720298552471063
cdl_and_icar,Guthrie,0.21851920387070994,0.21548588255673,0.003033321313979931,0.016428700913573,0.1876067322297357,0.25210083256361604,0.06449410033388034,TRUE,0.003985140156034851
cdl_and_icar,Ringgold,0.2809344658718025,0.272080838323353,0.008853627548449483,0.02250510893228208,0.23870752929474395,0.3272618666701638,0.08855433737541987,TRUE,0.006466622998107268
cdl_and_icar,Greene,0.11284458847529891,0.117660710141564,-0.004816121666265091,0.014980668097784733,0.08579385627352186,0.1446445943953438,0.05885073812182194,TRUE,0.004316119779988593
cdl_and_icar,Decatur,0.1594688977982695,0.182589652340542,-0.023120754542272498,0.016379912037060775,0.12945064800665046,0.19288979264064213,0.06343914463399167,TRUE,0.015317871185345847
cdl_and_icar,Union,0.13023647064143112,0.106327800829876,0.023908669811555122,0.017560645516021028,0.09876981357976242,0.16706114178286743,0.06829132820310502,TRUE,0.015013843386861334
cdl_and_icar,Louisa,0.13473799045030502,0.112903225806452,0.02183476464385302,0.016612068340705846,0.10490284720009896,0.16967351989578938,0.06477067269569042,TRUE,0.013563567520849484
cdl_and_icar,Adair,0.1302215162893108,0.102649930264993,0.027571586024317807,0.015643885554895702,0.10199995633898498,0.16267251077996392,0.06067255444097894,TRUE,0.01903222762208291
