geoid,county,perc_corn,perc_soy,perc_corn_soy
19053,Decatur,10.123099740452354,8.735570386849586,18.85867012730194
19031,Cedar,37.62599774064552,28.127108599020215,65.75310633966573
19027,Carroll,46.55375640312969,33.49489841662632,80.04865481975601
19151,Pocahontas,46.90693962558649,38.550217201207296,85.45715682679378
19109,Kossuth,45.39567034821292,34.61396494861175,80.00963529682467
19085,Harrison,32.70082135800554,25.33738561342226,58.0382069714278
19187,Webster,36.4018983629286,30.631216338719135,67.03311470164773
19101,Jefferson,22.09630055173862,20.329832962008187,42.426133513746805
19121,Madison,16.878927402774156,18.343845017809052,35.22277242058321
19089,Howard,40.469124863685934,26.228871319520177,66.697996183206115
19147,Palo Alto,42.19891198148094,34.452034363618715,76.65094634509965
19159,Ringgold,13.373569452764697,14.836404803923644,28.20997425668834
19045,Clinton,33.34709068091672,21.23270633421876,54.57979701513548
19025,Calhoun,39.73592474195448,34.281290344535684,74.01721508649015
19195,Worth,40.3432504715337,32.21690875863664,72.56015923017034
19013,Black Hawk,34.116772143144246,23.07876318320361,57.19553532634785
19039,Clarke,11.596920317392758,10.026753412580184,21.623673729972943
19065,Fayette,35.87666727731107,21.85583557963239,57.73250285694346
19181,Warren,15.460434834285923,16.222277612184868,31.68271244647079
19001,Adair,28.42840333252523,28.660544817024498,57.08894814954973
19037,Chickasaw,41.63603175818846,25.025848204028488,66.66187996221694
19081,Hancock,47.67430680407021,31.5317266880433,79.2060334921135
19061,Dubuque,22.490597482152108,6.637689645594517,29.128287127746624
19157,Poweshiek,33.624572415287346,29.94099713958685,63.5655695548742
19165,Shelby,40.04203672567316,32.87633095048898,72.91836767616213
19011,Benton,37.63136728155005,29.99934520981159,67.63071249136163
19185,Wayne,17.001602922537838,16.446668654787644,33.448271577325485
19097,Jackson,16.702154502831977,7.890634030544208,24.592788533376186
19113,Linn,29.025033334158586,19.75513098467513,48.78016431883371
19059,Dickinson,34.851918004003174,30.64143333069598,65.49335133469916
19043,Clayton,17.239985924229412,8.133469319591564,25.373455243820978
19021,Buena Vista,42.48241685157174,38.23097341486814,80.71339026643989
19129,Mills,32.86688054293949,31.385577428891075,64.25245797183057
19049,Dallas,28.823068116040723,25.71104949095985,54.534117607000574
19125,Marion,18.10450908724949,17.65294849567481,35.7574575829243
19123,Mahaska,30.959928445261525,26.419266608990306,57.37919505425183
19007,Appanoose,9.476482159308782,9.80204676178382,19.2785289210926
19177,Van Buren,13.297273318894076,13.405122886224744,26.70239620511882
19103,Johnson,22.06373710700341,18.362425801792043,40.42616290879545
19197,Wright,43.10195779303331,35.84843887931847,78.95039667235179
19137,Montgomery,35.1107681866658,31.53281840804059,66.64358659470639
19175,Union,19.738828568148804,17.90287019407753,37.64169876222633
19107,Keokuk,28.233273662025237,24.71984982230884,52.95312348433408
19169,Story,38.763421083081624,30.84216846593084,69.60558954901246
19131,Mitchell,46.20079917590177,26.320121731713936,72.5209209076157
19075,Grundy,38.35583949963035,29.82732187525216,68.1831613748825
19191,Winneshiek,31.31561861848531,13.58125055491432,44.89686917339963
19153,Polk,17.086946885255276,14.659743082458949,31.746689967714225
19161,Sac,38.525451580518755,32.70053037401971,71.22598195453847
19127,Marshall,36.94487812785272,30.77309399696848,67.7179721248212
19055,Delaware,44.844477100171446,15.546733474242076,60.39121057441352
19051,Davis,12.57816830435878,11.781683043587805,24.359851347946584
19067,Floyd,40.44613949938772,27.73484979749545,68.18098929688317
19009,Audubon,33.55371340189401,31.137899221230292,64.6916126231243
19105,Jones,35.21398470525827,18.9395162486038,54.153500953862064
19083,Hardin,42.53986747251147,25.05988548805122,67.59975296056268
19015,Boone,38.59508680351974,29.582335341507676,68.17742214502742
19099,Jasper,32.681542025438176,28.280956335504175,60.96249836094235
19149,Plymouth,37.71556301736393,32.03968338541859,69.75524640278252
19155,Pottawattamie,34.7015361758949,29.14425633690228,63.84579251279718
19173,Taylor,22.742715521137796,22.7999040789064,45.5426196000442
19145,Page,31.22240574327582,31.518403429044227,62.74080917232005
19035,Cherokee,39.664283309000005,35.689204448775655,75.35348775777567
19057,Des Moines,18.191219569848233,15.479509560755494,33.670729130603725
19163,Scott,23.06290640394089,15.488916256157635,38.55182266009852
19111,Lee,11.769816650003676,10.2135931475499,21.983409797553577
19071,Fremont,31.1826890987825,27.80277044968942,58.98545954847192
19095,Iowa,29.24591146152484,24.491741220365757,53.737652681890594
19023,Butler,39.56959815983305,27.055418406611302,66.62501656644434
19063,Emmet,42.706386979258475,32.78797646328053,75.494363442539
19193,Woodbury,32.16731040215727,25.222401319235356,57.38971172139263
19041,Clay,38.65153211388033,34.43836813222225,73.08990024610259
19047,Crawford,41.950240276995856,33.191130214568034,75.14137049156389
19019,Buchanan,45.98396755660696,20.74176410949645,66.72573166610341
19143,Osceola,45.16297846889952,39.332412143210696,84.49539061211021
19033,Cerro Gordo,42.52193606744049,27.841816962973848,70.36375303041434
19073,Greene,42.35353876418515,34.450607043762936,76.80414580794809
19179,Wapello,17.8650409946948,16.896122266530213,34.761163261225015
19087,Henry,24.31598737996533,23.024529349786857,47.34051672975218
19119,Lyon,44.71701231099728,30.259384725550134,74.97639703654741
19003,Adams,26.09119251753702,23.95927833075655,50.05047084829357
19133,Monona,30.30361095884209,25.18417814343904,55.48778910228113
19091,Humboldt,43.80960301618984,37.76636541731352,81.57596843350336
19115,Louisa,17.328576383727267,15.207422823447796,32.53599920717507
19171,Tama,32.75253403225375,29.37502785875389,62.12756189100764
19135,Monroe,9.124089496127583,7.669967557765594,16.794057053893177
19139,Muscatine,23.008377370021307,19.76927535691002,42.77765272693132
19117,Lucas,10.739575671341235,10.560134328538185,21.29970999987942
19079,Hamilton,42.430955105516674,30.232908428027784,72.66386353354446
19069,Franklin,47.78272645882206,30.293860991171705,78.07658744999377
19017,Bremer,39.28382283460241,22.57507334278274,61.85889617738515
19141,O'Brien,45.45631004177728,37.79951085641934,83.25582089819662
19077,Guthrie,24.944285834748776,22.51952156262586,47.46380739737464
19183,Washington,28.197100861225245,23.56051874162574,51.75761960285098
19167,Sioux,43.244779748283754,29.302456775997964,72.54723652428171
19005,Allamakee,12.576659187721525,5.290053002959061,17.866712190680587
19189,Winnebago,44.23990137161273,30.812894114393785,75.05279548600652
19093,Ida,38.047797117395824,29.60675814669229,67.65455526408812
19029,Cass,35.86185967321357,32.21220966362067,68.07406933683424
