geoid,county,perc_soy,perc_corn,perc_corn_soy
19053,Decatur,12.774773778828363,9.340373854262516,22.115147633090878
19031,Cedar,30.6040164425539,42.643149482369566,73.24716592492346
19027,Carroll,30.449156899189905,52.55181351090723,83.00097041009714
19151,Pocahontas,38.46412586301485,49.365138846835286,87.82926470985014
19109,Kossuth,34.5758771856396,49.94968580790701,84.5255629935466
19085,Harrison,27.851358166302447,41.7830197075023,69.63437787380474
19187,Webster,31.37879677636205,46.29024718163485,77.6690439579969
19101,Jefferson,23.90645926765698,25.381211986970477,49.287671254627455
19121,Madison,20.137123673581478,20.513072107181095,40.65019578076257
19089,Howard,27.670125835221114,47.76765344155412,75.43777927677523
19147,Palo Alto,30.5217930119303,48.983386777295564,79.50517978922586
19159,Ringgold,15.98021505154825,15.057793011275336,31.038008062823586
19045,Clinton,24.377055969245433,43.59323844945734,67.97029441870276
19025,Calhoun,35.066375437813505,50.35031144184964,85.41668687966315
19195,Worth,32.440074550882706,45.79658998740228,78.23666453828498
19013,Black Hawk,23.818763364975133,44.143218013411925,67.96198137838707
19039,Clarke,14.09396943743673,11.327029068179261,25.42099850561599
19065,Fayette,22.286626316186513,42.828364012128866,65.11499032831537
19181,Warren,19.390253567925967,17.52202709137121,36.91228065929718
19001,Adair,30.475955229265367,31.824041789588254,62.29999701885362
19037,Chickasaw,25.77180471373542,48.933801208104796,74.70560592184022
19081,Hancock,29.751823438702367,54.47920822770901,84.23103166641138
19061,Dubuque,8.729901085688791,35.995165964610045,44.72506705029883
19157,Poweshiek,30.169505973614513,41.445021553790944,71.61452752740546
19165,Shelby,36.15005128132914,47.68389109113056,83.8339423724597
19011,Benton,32.32255365847532,43.54600940146335,75.86856305993868
19185,Wayne,21.288953239659087,16.949356675112707,38.23830991477179
19097,Jackson,10.683767529078086,27.54932489289269,38.23309242197078
19113,Linn,20.974207616572322,34.107561315925814,55.081768932498136
19059,Dickinson,31.02617245453047,37.07269286773999,68.09886532227046
19043,Clayton,10.462284655374194,28.318567803412602,38.780852458786796
19021,Buena Vista,37.77438154842945,45.11956461296439,82.89394616139384
19129,Mills,33.95879774813919,36.11092744423874,70.06972519237793
19049,Dallas,26.61680820207515,36.411281313279694,63.02808951535484
19125,Marion,19.891778024541505,21.154793425922435,41.046571450463944
19123,Mahaska,27.047100309306792,36.4167001466666,63.46380045597339
19007,Appanoose,13.217811902152402,9.448503545675138,22.66631544782754
19177,Van Buren,14.938881892536498,16.731236596053396,31.670118488589893
19103,Johnson,23.664538628431387,28.10513663185755,51.769675260288935
19197,Wright,33.54160074511465,50.27331000976682,83.81491075488147
19137,Montgomery,33.49383409352849,35.9410149503234,69.4348490438519
19175,Union,20.810716796561554,20.777805204104823,41.58852200066637
19107,Keokuk,27.02724044998938,32.49680694187288,59.52404739186227
19169,Story,29.45244914942618,46.418324592130986,75.87077374155717
19131,Mitchell,27.469227661760176,52.25688431136947,79.72611197312965
19075,Grundy,35.98919457572677,52.516117261934795,88.50531183766157
19191,Winneshiek,14.18781640390698,36.87960449543051,51.06742089933749
19153,Polk,17.8245865060679,22.372389366000405,40.19697587206831
19161,Sac,37.59458211112911,45.624178948694414,83.21876105982352
19127,Marshall,32.089638058346445,43.32804745188234,75.41768551022878
19055,Delaware,15.455029774799797,52.91572506147026,68.37075483627007
19051,Davis,15.269543779219816,13.168877821661898,28.438421600881714
19067,Floyd,29.43273820767609,46.87924020976432,76.3119784174404
19009,Audubon,34.318217727919105,42.10126574357546,76.41948347149457
19105,Jones,18.900389506002504,41.864651022701246,60.76504052870375
19083,Hardin,25.77086612352117,52.70373738148363,78.4746035050048
19015,Boone,28.209962114064247,44.616979479661104,72.82694159372535
19099,Jasper,29.13715724890168,40.072242841993635,69.20940009089531
19149,Plymouth,34.462711986953416,42.930179872586905,77.39289185954033
19155,Pottawattamie,32.166656960540436,41.09149428646769,73.25815124700813
19173,Taylor,26.467362453225206,24.81390673206593,51.28126918529114
19145,Page,31.59657157371194,35.72206109897287,67.31863267268481
19035,Cherokee,35.61163883347103,41.31687272491134,76.92851155838237
19057,Des Moines,23.117291245040303,27.002693300143658,50.11998454518396
19163,Scott,20.989841177724614,38.266204964824595,59.25604614254921
19111,Lee,19.783186501034344,22.338300073073082,42.12148657410742
19071,Fremont,33.04277363667551,34.95974257807281,68.00251621474833
19095,Iowa,24.672648065002086,35.43154708299057,60.104195147992655
19023,Butler,25.837183894199228,49.53131299155779,75.36849688575703
19063,Emmet,33.14005590655127,44.87414132431659,78.01419723086786
19193,Woodbury,29.90278768064275,38.20591178642063,68.10869946706337
19041,Clay,33.51068019519667,41.90960217833084,75.42028237352751
19047,Crawford,30.970564840774102,46.69840232984869,77.66896717062279
19019,Buchanan,20.147984299595866,57.22402617056876,77.37201047016462
19143,Osceola,36.36464694888523,48.675580660177445,85.04022760906267
19033,Cerro Gordo,27.440465956631765,48.54991810769968,75.99038406433145
19073,Greene,34.12097672963805,46.85174444204881,80.97272117168686
19179,Wapello,19.334302746440667,19.936712384994884,39.27101513143555
19087,Henry,24.55650640032419,28.696495117319415,53.253001517643604
19119,Lyon,30.51963185442213,50.081333527644844,80.60096538206697
19003,Adams,26.845657827160895,27.007475401283127,53.85313322844402
19133,Monona,30.09735194567391,39.26157856778029,69.3589305134542
19091,Humboldt,34.30010190758256,51.47574917996243,85.77585108754499
19115,Louisa,25.762442272554072,30.358970697743537,56.12141297029761
19171,Tama,29.981152784505493,39.0776013194012,69.0587541039067
19135,Monroe,11.369586225072476,8.584891345147868,19.954477570220345
19139,Muscatine,24.517876983253768,33.47879832329208,57.99667530654585
19117,Lucas,13.377304325889877,10.582256411238948,23.959560737128825
19079,Hamilton,30.293322023451587,53.627101904878046,83.92042392832963
19069,Franklin,26.782460886246863,57.5016989147791,84.28415980102596
19017,Bremer,22.592093536895433,47.85635405344176,70.4484475903372
19141,O'Brien,36.81614024043293,48.039188387549785,84.85532862798271
19077,Guthrie,24.94593261773878,30.361036151584052,55.306968769322836
19183,Washington,25.461258424426415,33.276902108028324,58.73816053245474
19167,Sioux,29.684841464448812,52.857122236476265,82.54196370092508
19005,Allamakee,6.5289957299050405,18.17978842782676,24.708784157731802
19189,Winnebago,32.26399960629547,48.47089824205749,80.73489784835296
19093,Ida,35.97367206469608,46.536391547769554,82.51006361246564
19029,Cass,33.96104051631541,37.4684872078791,71.42952772419451
