value,count,percentage
Corn,57595535,27.73365836747398
Soybeans,44306497,21.33466164100239
Grassland/Pasture,28709199,13.824181285403906
Deciduous Forest,12207174,5.87805275787977
Developed/Open Space,4279302,2.060588545956698
Developed/Low Intensity,3953048,1.9034892677397002
Woody Wetlands,1975779,0.9513858981538997
Developed/Med Intensity,1780159,0.8571900850610054
Open Water,1699028,0.8181235248317873
Herbaceous Wetlands,1598142,0.7695444490742486
Alfalfa,1595388,0.7682183307363596
Mixed Forest,724823,0.3490199971037267
Developed/High Intensity,467225,0.2249802615904693
Other Hay/Non Alfalfa,374662,0.18040891383810456
Oats,238586,0.11488499265198504
Barren,194506,0.0936593948545472
Evergreen Forest,101089,0.048676825221079675
Winter Wheat,55517,0.026732792942839284
Rye,25175,0.012122378052415997
Pop or Orn Corn,20445,0.009844767399469517
Shrubland,20012,0.00963626731221247
Sorghum,9413,0.00453258965669878
Sweet Corn,7678,0.003697144734317777
Sod/Grass Seed,7444,0.003584468012797803
Peas,6056,0.0029161120748930004
Barley,5761,0.0027740623618656827
Dry Beans,3674,0.0017691208327537784
Dbl Crop WinWht/Soybeans,3358,0.0016169591062567196
Fallow/Idle Cropland,2195,0.0010569461698134305
Clover/Wildflowers,2014,9.697902441932797e-4
Millet,1650,7.945153440510981e-4
Switchgrass,1229,5.917935502053331e-4
Triticale,1185,5.706064743639705e-4
Spring Wheat,1040,5.007854289776619e-4
Other Crops,998,4.805614020381794e-4
Dbl Crop WinWht/Sorghum,442,2.1283380731550628e-4
Dbl Crop Soybeans/Oats,281,1.353083707141567e-4
Apples,167,8.041458330698994e-5
Dbl Crop Triticale/Corn,92,4.430024948648547e-5
Sunflower,50,2.4076222547002973e-5
Pumpkins,43,2.0705551390422557e-5
Christmas Trees,33,1.5890306881021963e-5
Potatoes,28,1.3482684626321664e-5
Cabbage,20,9.630489018801189e-6
Buckwheat,1,4.815244509400594e-7
Dbl Crop WinWht/Corn,1,4.815244509400594e-7
