crop,frequency,percentage,total_pixels
Shrubland,2066790873,23.880399926721974,8654758209
Grassland/Pasture,1405280832,16.237089449115537,8654758209
Evergreen Forest,1088633083,12.578434390783336,8654758209
Deciduous Forest,945634672,10.926182443972191,8654758209
Corn,419933303,4.852051240014023,8654758209
Woody Wetlands,397213834,4.589542820352175,8654758209
Soybeans,380270282,4.393771296863737,8654758209
Mixed Forest,288187700,3.329818038132092,8654758209
Developed/Open Space,256474769,2.963396120451919,8654758209
Open Water,154731312,1.7878178484419864,8654758209
Other Hay/Non Alfalfa,148057105,1.7107018061583374,8654758209
Developed/Low Intensity,132896093,1.5355263519875417,8654758209
Herbaceous Wetlands,126344721,1.459829586788633,8654758209
Winter Wheat,125139071,1.4458990994094911,8654758209
Fallow/Idle Cropland,106430050,1.2297287507041434,8654758209
Alfalfa,98346429,1.1363278629520868,8654758209
Barren,91351803,1.0555095913020902,8654758209
Spring Wheat,63830524,0.737519436806718,8654758209
Developed/Med Intensity,62476699,0.7218768854227617,8654758209
Cotton,61528637,0.7109226568111049,8654758209
Sorghum,31958866,0.3692635337491726,8654758209
Developed/High Intensity,22469573,0.2596210368607884,8654758209
Rice,14230000,0.16441822701877862,8654758209
Dbl Crop WinWht/Soybeans,13565173,0.15673659127638837,8654758209
Barley,10260866,0.11855751197450928,8654758209
Oats,10245346,0.11837818865171718,8654758209
Almonds,8576333,0.09909384864249071,8654758209
Dry Beans,8117353,0.09379063867502206,8654758209
Canola,8067470,0.09321427364210724,8654758209
Peanuts,7768350,0.08975814011674835,8654758209
Sunflower,7028275,0.08120706356292386,8654758209
Durum Wheat,6771524,0.07824047577618468,8654758209
Sod/Grass Seed,5813882,0.0671755566083198,8654758209
Peas,5572660,0.06438839613341299,8654758209
Sugarcane,5096967,0.05889207851814639,8654758209
Sugarbeets,5092345,0.05883867436879426,8654758209
Grapes,4988845,0.0576428004055867,8654758209
Potatoes,4372394,0.05052011730903342,8654758209
Millet,4313320,0.049837556357318215,8654758209
Triticale,3400270,0.039287868221021954,8654758209
Oranges,3389608,0.039164675871304865,8654758209
Rye,3294757,0.038068735375805345,8654758209
Pecans,2832842,0.03273161342686795,8654758209
Pistachios,2753738,0.031817619088843105,8654758209
Walnuts,2409435,0.027839425918270617,8654758209
Apples,2292353,0.026486620938944362,8654758209
Lentils,2240570,0.02588830266419289,8654758209
Citrus,2054723,0.023740963645446655,8654758209
Aquaculture,1980152,0.022879345120708963,8654758209
Flaxseed,1361777,0.015734431478211616,8654758209
Dbl Crop WinWht/Corn,1341731,0.01550281322249704,8654758209
Tomatoes,1339006,0.015471327651968146,8654758209
Sweet Corn,1268000,0.014650900341518714,8654758209
Cherries,1198615,0.013849202612657298,8654758209
Chick Peas,1153243,0.013324959197597843,8654758209
Blueberries,1120748,0.012949500990501905,8654758209
Other Tree Crops,1064518,0.012299800575514842,8654758209
Dbl Crop WinWht/Sorghum,1033407,0.011940333571946238,8654758209
Clover/Wildflowers,995052,0.011497166945290915,8654758209
Safflower,846427,0.009779903488462667,8654758209
Pop or Orn Corn,842399,0.009733362615768945,8654758209
Herbs,817681,0.009447762493811802,8654758209
Onions,614830,0.007103953514965261,8654758209
Dbl Crop Triticale/Corn,610432,0.007053137537282296,8654758209
Sweet Potatoes,563979,0.006516403883051564,8654758209
Other Crops,545977,0.00630840269381811,8654758209
Perennial Ice/Snow ,503763,0.005820647877558748,8654758209
Tobacco,465241,0.00537555167648936,8654758209
Christmas Trees,462778,0.005347093342466362,8654758209
Mustard,378114,0.004368856886224769,8654758209
Dbl Crop WinWht/Cotton,365264,0.004220383645382092,8654758209
Mint,349585,0.004039223182878407,8654758209
Hops,334974,0.0038704027531544873,8654758209
Peaches,333589,0.0038543999952893424,8654758209
Olives,319673,0.0036936098303425174,8654758209
Avocados,298944,0.0034540999619045508,8654758209
Plums,297970,0.0034428460368788106,8654758209
Dbl Crop Oats/Corn,289612,0.0033462748814731217,8654758209
Pears,258970,0.002992226862336831,8654758209
Dbl Crop Barley/Soybeans,240340,0.0027769695489594697,8654758209
Carrots,198796,0.002296956139031983,8654758209
Cucumbers,192454,0.0022236785286487717,8654758209
Lettuce,182805,0.0021121907231319626,8654758209
Greens,166480,0.0019235661584038138,8654758209
Pumpkins,160264,0.0018517443945845074,8654758209
Pomegranates,155527,0.00179701149638437,8654758209
Watermelons,137916,0.0015935280532341442,8654758209
Buckwheat,130645,0.0015095164630265872,8654758209
Garlic,129412,0.0014952699645083753,8654758209
Dbl Crop Barley/Corn,106565,0.0012312880085914367,8654758209
Cabbage,101379,0.0011713672127151623,8654758209
Squash,91784,0.0010605033414400266,8654758209
Dbl Crop Soybeans/Oats,91064,0.001052184218217713,8654758209
Broccoli,81807,9.452257131219412e-4,8654758209
Peppers,80700,9.324350611676343e-4,8654758209
Caneberries,76679,8.859750688385755e-4,8654758209
Cantaloupes,73793,8.526292499224688e-4,8654758209
Strawberries,65208,7.534352598341895e-4,8654758209
Cranberries,63862,7.378831211435869e-4,8654758209
Radishes,59621,6.888811744965988e-4,8654758209
Nectarines,39952,4.6161890413592716e-4,8654758209
Other Small Grains,39536,4.568122996074794e-4,8654758209
Dbl Crop Lettuce/Cotton,29999,3.4661857992525233e-4,8654758209
Switchgrass,28138,3.2511595726313373e-4,8654758209
Misc Vegs & Fruits,25615,2.959643629716103e-4,8654758209
Speltz,22091,2.552468765335094e-4,8654758209
Honeydew Melons,15793,1.8247765701388412e-4,8654758209
Turnips,14274,1.6492661788236447e-4,8654758209
Vetch,12562,1.4514559155375244e-4,8654758209
Dbl Crop Lettuce/Cantaloupe,12266,1.417255075623569e-4,8654758209
Dbl Crop Corn/Soybeans,11779,1.3609854504948653e-4,8654758209
Cauliflower,11691,1.3508176332231492e-4,8654758209
Asparagus,5414,6.255518489667376e-5,8654758209
Eggplants,3886,4.490015672487518e-5,8654758209
Rape Seed,3580,4.136452935539196e-5,8654758209
Apricots,2724,3.1474016191085945e-5,8654758209
Celery,2424,2.8007714848455334e-5,8654758209
Camelina,1230,1.4211835504785505e-5,8654758209
Dbl Crop Soybeans/Cotton,952,1.0999729593947804e-5,8654758209
Dbl Crop Lettuce/Barley,805,9.301241936058806e-6,8654758209
Gourds,316,3.65117074757091e-6,8654758209
